Timestamp,GazeOriginX,GazeOriginY,GazeOriginZ,GazeDirectionX,GazeDirectionY,GazeDirectionZ
2024-11-01T21:28:23.2259628Z,-0.006405651,1.102445,0.001813909,0.07500876,-0.1205235,0.9898726
2024-11-01T21:28:23.2349762Z,-0.008577407,1.112881,-0.02663022,0.07493569,-0.1211008,0.9898077
2024-11-01T21:28:23.2711257Z,-0.008559851,1.112892,-0.02670786,0.07475674,-0.1207814,0.9898602
2024-11-01T21:28:23.2762071Z,-0.008553549,1.112868,-0.02678481,0.07472263,-0.1196369,0.9900018
2024-11-01T21:28:23.2854425Z,-0.00854892,1.112873,-0.02677154,0.07467885,-0.1194862,0.9900233
2024-11-01T21:28:23.2956343Z,-0.008538177,1.112839,-0.02681165,0.07465395,-0.1195228,0.9900208
2024-11-01T21:28:23.3061477Z,-0.008547354,1.112833,-0.02679625,0.07484701,-0.1196167,0.9899948
2024-11-01T21:28:23.3171503Z,-0.008550441,1.112828,-0.02679749,0.07494062,-0.1192565,0.9900312
2024-11-01T21:28:23.3282118Z,-0.008569175,1.11282,-0.02686003,0.0749979,-0.1192177,0.9900315
2024-11-01T21:28:23.3392499Z,-0.008578531,1.112815,-0.02687852,0.0749139,-0.1192676,0.9900319
2024-11-01T21:28:23.3502521Z,-0.008589122,1.112798,-0.02689492,0.07467684,-0.1189695,0.9900857
2024-11-01T21:28:23.3619570Z,-0.008610062,1.11278,-0.0269612,0.07473081,-0.1185993,0.990126
2024-11-01T21:28:23.3724634Z,-0.008620909,1.112776,-0.02700689,0.07475758,-0.1184136,0.9901462
2024-11-01T21:28:23.3835427Z,-0.008611372,1.112774,-0.02701856,0.07468531,-0.1183065,0.9901645
2024-11-01T21:28:23.3950891Z,-0.008598208,1.112767,-0.02705174,0.07481326,-0.118009,0.9901903
2024-11-01T21:28:23.4146381Z,-0.008582791,1.112778,-0.02713038,0.07486486,-0.1176222,0.9902324
2024-11-01T21:28:23.4196394Z,-0.008582791,1.112778,-0.02713038,0.07486486,-0.1176222,0.9902324
2024-11-01T21:28:23.4287728Z,-0.008581026,1.112775,-0.02719096,0.07499156,-0.1171454,0.9902794
2024-11-01T21:28:23.4392599Z,-0.008596146,1.112773,-0.02724605,0.07502975,-0.1167293,0.9903256
2024-11-01T21:28:23.4497880Z,-0.0086133,1.112779,-0.02726846,0.07490159,-0.1168863,0.9903168
2024-11-01T21:28:23.4617691Z,-0.008612063,1.112775,-0.02732557,0.07484562,-0.1169718,0.9903109
2024-11-01T21:28:23.4719042Z,-0.008611232,1.112779,-0.02732154,0.07479671,-0.1170207,0.9903088
2024-11-01T21:28:23.4834291Z,-0.008618694,1.112791,-0.02728097,0.07483285,-0.1171283,0.9902934
2024-11-01T21:28:23.4939371Z,-0.00863814,1.112795,-0.02731678,0.07476534,-0.1173499,0.9902723
2024-11-01T21:28:23.5054820Z,-0.008644547,1.112814,-0.02729458,0.07465779,-0.116943,0.9903285
2024-11-01T21:28:23.5160486Z,-0.008664371,1.11284,-0.02727725,0.07473948,-0.1166263,0.9903597
2024-11-01T21:28:23.5276043Z,-0.008693646,1.112837,-0.02733979,0.07459025,-0.1161251,0.9904298
2024-11-01T21:28:23.5386953Z,-0.008696507,1.112836,-0.02738715,0.07439154,-0.1157051,0.990494
2024-11-01T21:28:23.5502022Z,-0.008689303,1.112846,-0.02739997,0.07432693,-0.1156902,0.9905005
2024-11-01T21:28:23.5608206Z,-0.008663425,1.112825,-0.02743145,0.07427051,-0.1155,0.990527
2024-11-01T21:28:23.5728629Z,-0.008646572,1.112844,-0.02739927,0.0744016,-0.1157732,0.9904852
2024-11-01T21:28:23.5833797Z,-0.008620715,1.112853,-0.0273386,0.07447289,-0.1157874,0.9904782
2024-11-01T21:28:23.5948563Z,-0.008610047,1.11284,-0.02735482,0.07435407,-0.1158781,0.9904765
2024-11-01T21:28:23.6058668Z,-0.008608322,1.112841,-0.02733465,0.07436192,-0.1162177,0.9904361
2024-11-01T21:28:23.6349874Z,-0.00857012,1.112857,-0.0273675,0.07432334,-0.1162253,0.9904382
2024-11-01T21:28:23.6402163Z,-0.008571955,1.112854,-0.02735311,0.07449427,-0.1165952,0.9903818
2024-11-01T21:28:23.6507259Z,-0.008578539,1.112864,-0.0273356,0.07442461,-0.1168969,0.9903515
2024-11-01T21:28:23.6612772Z,-0.008592742,1.11286,-0.02732426,0.07429749,-0.117206,0.9903245
2024-11-01T21:28:23.6723173Z,-0.008605302,1.112865,-0.02728295,0.07407565,-0.1180936,0.9902357
2024-11-01T21:28:23.6832813Z,-0.008620596,1.112894,-0.02721181,0.07396927,-0.1189156,0.9901453
2024-11-01T21:28:23.6950962Z,-0.008627227,1.112933,-0.02715903,0.07390202,-0.1194197,0.9900896
2024-11-01T21:28:23.7052964Z,-0.008619764,1.112965,-0.02713994,0.07361605,-0.1195526,0.9900949
2024-11-01T21:28:23.7166143Z,-0.008618915,1.112993,-0.02712718,0.073772,-0.1194021,0.9901014
2024-11-01T21:28:23.7270876Z,-0.008579789,1.112993,-0.02717836,0.07350485,-0.1191772,0.9901484
2024-11-01T21:28:23.7386208Z,-0.008583062,1.112989,-0.02717931,0.07356251,-0.1187303,0.9901978
2024-11-01T21:28:23.7494722Z,-0.008594745,1.112983,-0.02717143,0.0734584,-0.1185464,0.9902276
2024-11-01T21:28:23.7607344Z,-0.008596843,1.112965,-0.02718431,0.07329251,-0.1185274,0.9902421
2024-11-01T21:28:23.7723506Z,-0.008591933,1.112951,-0.02717323,0.07309622,-0.1187012,0.9902358
2024-11-01T21:28:23.7833383Z,-0.008570753,1.112954,-0.02714266,0.07304472,-0.1189493,0.9902098
2024-11-01T21:28:23.7943038Z,-0.008544947,1.112947,-0.02714902,0.07313456,-0.1191342,0.990181
2024-11-01T21:28:23.8054343Z,-0.008498432,1.112955,-0.02715551,0.0732696,-0.1192048,0.9901625
2024-11-01T21:28:23.8164645Z,-0.008468656,1.112956,-0.02716241,0.07332354,-0.119094,0.9901718
2024-11-01T21:28:23.8365753Z,-0.008460208,1.112954,-0.0271908,0.07358912,-0.1194554,0.9901086
2024-11-01T21:28:23.8415761Z,-0.008460208,1.112954,-0.0271908,0.07358912,-0.1194554,0.9901086
2024-11-01T21:28:23.8505157Z,-0.00846411,1.112939,-0.02718113,0.07332746,-0.1199611,0.9900669
2024-11-01T21:28:23.8615183Z,-0.008476142,1.112913,-0.02718575,0.07310284,-0.1203368,0.9900379
2024-11-01T21:28:23.8721311Z,-0.008468674,1.112933,-0.0271206,0.07327114,-0.1207891,0.9899704
2024-11-01T21:28:23.8826376Z,-0.008447857,1.112939,-0.02709999,0.07369874,-0.1209228,0.9899223
2024-11-01T21:28:23.8942841Z,-0.008437849,1.112941,-0.02708185,0.07420064,-0.1210654,0.9898674
2024-11-01T21:28:23.9054551Z,-0.008465139,1.112944,-0.02710981,0.07443743,-0.1207516,0.989888
2024-11-01T21:28:23.9166085Z,-0.008537842,1.112952,-0.02715405,0.07403556,-0.1200721,0.9900007
2024-11-01T21:28:23.9276108Z,-0.008585921,1.112935,-0.02721,0.072783,-0.1198147,0.9901248
2024-11-01T21:28:23.9391194Z,-0.008665253,1.112906,-0.02722101,0.07116972,-0.1193324,0.9903003
2024-11-01T21:28:23.9496296Z,-0.008611343,1.112895,-0.02721374,0.07088505,-0.1193319,0.9903207
2024-11-01T21:28:23.9616328Z,-0.008555895,1.112878,-0.02721205,0.07027218,-0.1193298,0.9903647
2024-11-01T21:28:23.9736486Z,-0.008447086,1.112869,-0.02720737,0.07082887,-0.1196745,0.9902834
2024-11-01T21:28:23.9841455Z,-0.008339484,1.112856,-0.02720098,0.07190969,-0.119968,0.99017
2024-11-01T21:28:23.9946634Z,-0.008287203,1.112866,-0.02722696,0.07267644,-0.1199688,0.9901139
2024-11-01T21:28:24.0052130Z,-0.008243933,1.112874,-0.02726267,0.07327481,-0.1199938,0.9900668
2024-11-01T21:28:24.0168158Z,-0.008272485,1.112866,-0.02732415,0.07289424,-0.119288,0.9901802
2024-11-01T21:28:24.0368566Z,-0.008356706,1.112851,-0.027341,0.0720495,-0.1191186,0.9902624
2024-11-01T21:28:24.0420308Z,-0.008356706,1.112851,-0.027341,0.0720495,-0.1191186,0.9902624
2024-11-01T21:28:24.0505645Z,-0.008382093,1.112819,-0.02733572,0.07180196,-0.1195065,0.9902337
2024-11-01T21:28:24.0621020Z,-0.008405179,1.112812,-0.02733297,0.0719865,-0.1198161,0.9901828
2024-11-01T21:28:24.0726946Z,-0.008428421,1.112806,-0.02733021,0.07219839,-0.120136,0.9901286
2024-11-01T21:28:24.0836973Z,-0.008443706,1.112803,-0.02732839,0.07233775,-0.1203464,0.9900929
2024-11-01T21:28:24.0952933Z,-0.008467158,1.112797,-0.02732561,0.07255162,-0.1206692,0.990038
2024-11-01T21:28:24.1062963Z,-0.008490194,1.112791,-0.02732287,0.07276165,-0.1209861,0.9899839
2024-11-01T21:28:24.1183078Z,-0.008355303,1.112829,-0.02741602,0.07244524,-0.1188459,0.9902663
2024-11-01T21:28:24.1290124Z,-0.00832732,1.112809,-0.02745771,0.07284636,-0.1185583,0.9902713
2024-11-01T21:28:24.1395648Z,-0.008306975,1.112791,-0.02748344,0.07327863,-0.1186833,0.9902245
2024-11-01T21:28:24.1502452Z,-0.008361223,1.112764,-0.02749427,0.07374898,-0.1190848,0.9901413
2024-11-01T21:28:24.1619421Z,-0.008375959,1.112764,-0.0274925,0.07351357,-0.1193466,0.9901273
2024-11-01T21:28:24.1727479Z,-0.008409403,1.112765,-0.02747823,0.0731414,-0.1196102,0.9901231
2024-11-01T21:28:24.1832273Z,-0.008450193,1.112765,-0.02744655,0.07245355,-0.1196058,0.9901742
2024-11-01T21:28:24.1947369Z,-0.008461597,1.112765,-0.02745442,0.07207526,-0.1194049,0.990226
2024-11-01T21:28:24.2054073Z,-0.008441702,1.112778,-0.02746127,0.07225432,-0.1193032,0.9902253
2024-11-01T21:28:24.2161872Z,-0.008405236,1.112765,-0.02747561,0.07295369,-0.1190939,0.9901992
2024-11-01T21:28:24.2355532Z,-0.008373314,1.112755,-0.02751123,0.07379109,-0.1190872,0.9901379
2024-11-01T21:28:24.2467193Z,-0.008394928,1.112747,-0.02751132,0.07336296,-0.1191696,0.9901598
2024-11-01T21:28:24.2507197Z,-0.008394928,1.112747,-0.02751132,0.07336296,-0.1191696,0.9901598
2024-11-01T21:28:24.2606783Z,-0.008412203,1.112746,-0.02751013,0.07271309,-0.1191792,0.9902066
2024-11-01T21:28:24.2711845Z,-0.008437148,1.112754,-0.027498,0.07230262,-0.1191815,0.9902364
2024-11-01T21:28:24.2825677Z,-0.00841793,1.112756,-0.0274898,0.07152036,-0.1190981,0.9903032
2024-11-01T21:28:24.2936567Z,-0.008381828,1.11275,-0.02750728,0.07146741,-0.1189346,0.9903267
2024-11-01T21:28:24.3052446Z,-0.00833465,1.112738,-0.02751994,0.07137045,-0.1188063,0.9903491
2024-11-01T21:28:24.3157804Z,-0.008264039,1.112738,-0.02751137,0.0718509,-0.1189775,0.9902938
2024-11-01T21:28:24.3276147Z,-0.008208389,1.112735,-0.02751005,0.0724613,-0.1191577,0.9902276
2024-11-01T21:28:24.3384666Z,-0.008186016,1.112733,-0.02751497,0.07323547,-0.1194417,0.9901365
2024-11-01T21:28:24.3500015Z,-0.008210681,1.112726,-0.02752437,0.07315204,-0.1192154,0.9901699
2024-11-01T21:28:24.3606685Z,-0.008269412,1.112741,-0.02754168,0.07262594,-0.1188069,0.9902577
2024-11-01T21:28:24.3713442Z,-0.008318839,1.112758,-0.02757751,0.07167124,-0.1182995,0.990388
2024-11-01T21:28:24.3824837Z,-0.008325507,1.112733,-0.0276051,0.07126866,-0.1179169,0.9904627
2024-11-01T21:28:24.3933829Z,-0.008321656,1.112691,-0.02763879,0.07118046,-0.1173951,0.990531
2024-11-01T21:28:24.4049893Z,-0.008285988,1.112685,-0.02762759,0.07194906,-0.1180125,0.9904022
2024-11-01T21:28:24.4164957Z,-0.008255733,1.112671,-0.02761764,0.07250948,-0.1185241,0.9903002
2024-11-01T21:28:24.4270017Z,-0.008259878,1.112656,-0.02760233,0.07299464,-0.1190872,0.9901969
2024-11-01T21:28:24.4380901Z,-0.008298201,1.112661,-0.02755746,0.07313321,-0.1197039,0.9901124
2024-11-01T21:28:24.4497065Z,-0.008341786,1.112684,-0.02752114,0.07293519,-0.1199266,0.9901
2024-11-01T21:28:24.4602132Z,-0.008389506,1.112687,-0.02754689,0.07232492,-0.1198296,0.9901565
2024-11-01T21:28:24.4718450Z,-0.008420448,1.112732,-0.02752513,0.07228124,-0.1193798,0.990214
2024-11-01T21:28:24.4823930Z,-0.008423511,1.112737,-0.02755165,0.07227055,-0.1186281,0.9903052
2024-11-01T21:28:24.4935376Z,-0.008433839,1.112739,-0.02755981,0.07238327,-0.117929,0.9903805
2024-11-01T21:28:24.5050450Z,-0.008434993,1.112729,-0.02756127,0.07252397,-0.1173828,0.990435
2024-11-01T21:28:24.5162722Z,-0.00842197,1.112694,-0.02758944,0.07268669,-0.1171088,0.9904556
2024-11-01T21:28:24.5272761Z,-0.008391702,1.112649,-0.02761523,0.07267038,-0.117509,0.9904093
2024-11-01T21:28:24.5377823Z,-0.008372748,1.112623,-0.02761499,0.07274662,-0.1179669,0.9903493
2024-11-01T21:28:24.5498459Z,-0.008357206,1.112615,-0.02759578,0.0723984,-0.118535,0.990307
2024-11-01T21:28:24.5604189Z,-0.008336324,1.112627,-0.02759115,0.07204615,-0.1186808,0.9903152
2024-11-01T21:28:24.5709863Z,-0.008281095,1.11263,-0.02759994,0.07150435,-0.118423,0.9903854
2024-11-01T21:28:24.5829545Z,-0.00823953,1.112643,-0.02759386,0.07171716,-0.118205,0.990396
2024-11-01T21:28:24.5934501Z,-0.008185791,1.112634,-0.02762867,0.07208522,-0.1181642,0.9903741
2024-11-01T21:28:24.6049569Z,-0.00813996,1.112646,-0.02762971,0.07301604,-0.1186167,0.9902518
2024-11-01T21:28:24.6166063Z,-0.008113484,1.112639,-0.02763842,0.07346429,-0.1190924,0.9901616
2024-11-01T21:28:24.6271124Z,-0.008158443,1.112641,-0.02760943,0.07370088,-0.1196426,0.9900777
2024-11-01T21:28:24.6383925Z,-0.008233795,1.112664,-0.02757463,0.07345152,-0.1198053,0.9900765
2024-11-01T21:28:24.6484038Z,-0.008277526,1.112672,-0.02759027,0.07287572,-0.1197033,0.9901314
2024-11-01T21:28:24.6686134Z,-0.008424704,1.11269,-0.02758962,0.07138249,-0.1192129,0.9902993
2024-11-01T21:28:24.6726025Z,-0.008424704,1.11269,-0.02758962,0.07138249,-0.1192129,0.9902993
2024-11-01T21:28:24.6826047Z,-0.008423141,1.112695,-0.02760356,0.07120658,-0.1191151,0.9903238
2024-11-01T21:28:24.6946688Z,-0.008390959,1.112683,-0.02762984,0.07151341,-0.1190439,0.9903103
2024-11-01T21:28:24.7052275Z,-0.008360126,1.112675,-0.02763635,0.07174494,-0.1189099,0.9903096
2024-11-01T21:28:24.7162660Z,-0.008331073,1.112673,-0.02764153,0.07216418,-0.1187915,0.9902933
2024-11-01T21:28:24.7277731Z,-0.008314412,1.11266,-0.02767271,0.07266718,-0.1184087,0.9903024
2024-11-01T21:28:24.7383047Z,-0.008310456,1.112635,-0.02769624,0.0730944,-0.1182065,0.9902951
2024-11-01T21:28:24.7498595Z,-0.00832726,1.112629,-0.02770442,0.07347903,-0.1180612,0.990284
2024-11-01T21:28:24.7603743Z,-0.008345092,1.112617,-0.02777095,0.07305631,-0.117519,0.9903798
2024-11-01T21:28:24.7717408Z,-0.00837632,1.11262,-0.02779541,0.07252607,-0.1171098,0.9904672
2024-11-01T21:28:24.7829547Z,-0.008393994,1.112583,-0.02783292,0.07184014,-0.1164809,0.9905913
2024-11-01T21:28:24.7939591Z,-0.008399922,1.112569,-0.02785864,0.07143462,-0.1161784,0.9906562
2024-11-01T21:28:24.8049617Z,-0.008355838,1.112526,-0.0278821,0.07140352,-0.1159782,0.9906819
2024-11-01T21:28:24.8159641Z,-0.008315169,1.112505,-0.02789415,0.07185978,-0.1160236,0.9906436
2024-11-01T21:28:24.8275700Z,-0.008271985,1.112485,-0.027936,0.07229976,-0.1160977,0.9906029
2024-11-01T21:28:24.8386363Z,-0.008243804,1.112468,-0.02795136,0.07251981,-0.1161202,0.9905841
2024-11-01T21:28:24.8491256Z,-0.008253725,1.112469,-0.02794338,0.07262839,-0.1163025,0.9905548
2024-11-01T21:28:24.8701025Z,-0.008277304,1.112472,-0.02796302,0.07217441,-0.116126,0.9906087
2024-11-01T21:28:24.8744134Z,-0.008277304,1.112472,-0.02796302,0.07217441,-0.116126,0.9906087
2024-11-01T21:28:24.8826016Z,-0.00830044,1.112481,-0.02795091,0.07211089,-0.1163449,0.9905877
2024-11-01T21:28:24.8930860Z,-0.008312666,1.112478,-0.02795597,0.07186828,-0.1162205,0.9906199
2024-11-01T21:28:24.9057658Z,-0.008322729,1.112497,-0.02796585,0.0716163,-0.1163225,0.9906262
2024-11-01T21:28:24.9155250Z,-0.008336966,1.11248,-0.02797809,0.07139273,-0.1163651,0.9906373
2024-11-01T21:28:24.9264545Z,-0.008337145,1.112486,-0.02797699,0.07119387,-0.1165186,0.9906335
2024-11-01T21:28:24.9379630Z,-0.008303982,1.112478,-0.02798288,0.07098855,-0.1165169,0.9906485
2024-11-01T21:28:24.9494698Z,-0.00827777,1.112484,-0.02797492,0.07135318,-0.1168948,0.9905778
2024-11-01T21:28:24.9614401Z,-0.008247011,1.112474,-0.0279856,0.07156321,-0.1172741,0.9905178
2024-11-01T21:28:24.9712471Z,-0.008226583,1.112497,-0.02796731,0.07183664,-0.1173557,0.9904884
2024-11-01T21:28:24.9827528Z,-0.008231901,1.112496,-0.02794763,0.0717568,-0.1172767,0.9905035
2024-11-01T21:28:24.9939510Z,-0.008237191,1.112529,-0.02799135,0.07180968,-0.1166489,0.9905738
2024-11-01T21:28:25.0060568Z,-0.008249976,1.112528,-0.02800951,0.07185614,-0.1159976,0.9906469
2024-11-01T21:28:25.0156118Z,-0.008257805,1.112525,-0.02801749,0.07173285,-0.1155131,0.9907124
2024-11-01T21:28:25.0266924Z,-0.008280368,1.112505,-0.02803634,0.07162136,-0.1152605,0.9907499
2024-11-01T21:28:25.0387195Z,-0.008290865,1.112488,-0.02804939,0.07158713,-0.1153565,0.9907412
2024-11-01T21:28:25.0485426Z,-0.008311225,1.112468,-0.02806125,0.0715461,-0.1155578,0.9907207
2024-11-01T21:28:25.0594652Z,-0.008315478,1.112466,-0.02807077,0.07152381,-0.1157554,0.9906993
2024-11-01T21:28:25.0805568Z,-0.00828546,1.112471,-0.02808987,0.07124286,-0.1157343,0.990722
2024-11-01T21:28:25.0848259Z,-0.00828546,1.112471,-0.02808987,0.07124286,-0.1157343,0.990722
2024-11-01T21:28:25.0944575Z,-0.008279933,1.112464,-0.02809869,0.07132574,-0.1155924,0.9907326
2024-11-01T21:28:25.1049642Z,-0.008256812,1.112462,-0.02808949,0.07142774,-0.1157404,0.9907079
2024-11-01T21:28:25.1165117Z,-0.008251684,1.112449,-0.02807881,0.0716932,-0.1158035,0.9906814
2024-11-01T21:28:25.1271508Z,-0.008258098,1.11246,-0.02807761,0.07181811,-0.1159656,0.9906534
2024-11-01T21:28:25.1386848Z,-0.008270567,1.112461,-0.02808798,0.07171451,-0.1157006,0.9906919
2024-11-01T21:28:25.1501294Z,-0.008285353,1.112469,-0.02810132,0.0713732,-0.115367,0.9907554
2024-11-01T21:28:25.1603641Z,-0.008292487,1.112463,-0.02810335,0.07113875,-0.1151264,0.9908003
2024-11-01T21:28:25.1720822Z,-0.008271918,1.112448,-0.02809387,0.07087757,-0.1149907,0.9908348
2024-11-01T21:28:25.1830747Z,-0.008256484,1.112454,-0.02807658,0.0707063,-0.1152373,0.9908183
2024-11-01T21:28:25.1939297Z,-0.008231342,1.112434,-0.0280928,0.07061803,-0.115412,0.9908043
2024-11-01T21:28:25.2054366Z,-0.008218172,1.112432,-0.02808761,0.07043617,-0.1159272,0.9907571
2024-11-01T21:28:25.2159439Z,-0.008207597,1.112429,-0.0281104,0.07033993,-0.1162503,0.9907261
2024-11-01T21:28:25.2267516Z,-0.008189247,1.11244,-0.02813007,0.07030781,-0.1165516,0.990693
2024-11-01T21:28:25.2378013Z,-0.008168585,1.112463,-0.02813886,0.07033058,-0.1165286,0.990694
2024-11-01T21:28:25.2495938Z,-0.008149556,1.112478,-0.02814987,0.07034255,-0.1162323,0.990728
2024-11-01T21:28:25.2599651Z,-0.008150766,1.112496,-0.0281315,0.07042266,-0.1157939,0.9907736
2024-11-01T21:28:25.2805457Z,-0.008173844,1.112478,-0.028124,0.07059596,-0.1160229,0.9907345
2024-11-01T21:28:25.2858425Z,-0.008173844,1.112478,-0.028124,0.07059596,-0.1160229,0.9907345
2024-11-01T21:28:25.2943372Z,-0.008192561,1.112456,-0.02812702,0.07063977,-0.1164875,0.9906769
2024-11-01T21:28:25.3054993Z,-0.008210201,1.112466,-0.02809982,0.07057661,-0.1171188,0.990607
2024-11-01T21:28:25.3155256Z,-0.008229166,1.112476,-0.02805457,0.07045892,-0.1174702,0.9905737
2024-11-01T21:28:25.3275277Z,-0.008236501,1.112488,-0.02808419,0.07034475,-0.117096,0.9906262
2024-11-01T21:28:25.3375679Z,-0.008221099,1.112495,-0.02811649,0.07025582,-0.1165799,0.9906933
2024-11-01T21:28:25.3496764Z,-0.008216857,1.112509,-0.02813894,0.07039663,-0.1162545,0.9907215
2024-11-01T21:28:25.3602446Z,-0.008202706,1.11249,-0.02819842,0.07025495,-0.1157318,0.9907928
2024-11-01T21:28:25.3717124Z,-0.008189939,1.112469,-0.02820031,0.07024732,-0.1158774,0.9907764
2024-11-01T21:28:25.3830733Z,-0.008184035,1.112464,-0.02818887,0.07039188,-0.1161511,0.990734
2024-11-01T21:28:25.3943671Z,-0.008156617,1.112449,-0.028182,0.07030288,-0.1163445,0.9907176
2024-11-01T21:28:25.4049418Z,-0.008154959,1.112442,-0.02813753,0.07049497,-0.1167132,0.9906606
2024-11-01T21:28:25.4164482Z,-0.008158954,1.11247,-0.02810691,0.07053434,-0.1169038,0.9906353
2024-11-01T21:28:25.4269546Z,-0.008158744,1.112473,-0.02814715,0.07039457,-0.1164238,0.9907019
2024-11-01T21:28:25.4384892Z,-0.008150333,1.11249,-0.02819861,0.0703857,-0.1156036,0.9907985
2024-11-01T21:28:25.4491586Z,-0.008146483,1.112489,-0.02824406,0.07038663,-0.1147616,0.9908963
2024-11-01T21:28:25.4599337Z,-0.008142972,1.112466,-0.02825732,0.07041789,-0.1142,0.990959
2024-11-01T21:28:25.4725198Z,-0.008156353,1.112446,-0.02825037,0.07043029,-0.1142711,0.9909499
2024-11-01T21:28:25.4920288Z,-0.008199245,1.112389,-0.0282135,0.07049417,-0.1151716,0.9908411
2024-11-01T21:28:25.4960298Z,-0.008199245,1.112389,-0.0282135,0.07049417,-0.1151716,0.9908411
2024-11-01T21:28:25.5045101Z,-0.008213357,1.112386,-0.02819243,0.07062098,-0.1157957,0.9907593
2024-11-01T21:28:25.5160557Z,-0.008242941,1.11239,-0.02818723,0.07038007,-0.1158645,0.9907684
2024-11-01T21:28:25.5267933Z,-0.008262375,1.112405,-0.02819355,0.07027006,-0.1156863,0.990797
2024-11-01T21:28:25.5383285Z,-0.008261867,1.11241,-0.02820281,0.07018081,-0.1154824,0.9908271
2024-11-01T21:28:25.5498346Z,-0.008245172,1.11241,-0.02822221,0.07031992,-0.1154657,0.9908192
2024-11-01T21:28:25.5604658Z,-0.008210856,1.112402,-0.0282314,0.07045823,-0.1156651,0.9907861
2024-11-01T21:28:25.5719744Z,-0.008207542,1.112403,-0.02820519,0.07073416,-0.116182,0.990706
2024-11-01T21:28:25.5827034Z,-0.008200625,1.112407,-0.02818642,0.07088474,-0.1163223,0.9906788
2024-11-01T21:28:25.5935803Z,-0.008205701,1.11243,-0.02819681,0.07077315,-0.1160068,0.9907238
2024-11-01T21:28:25.6050877Z,-0.008209687,1.112441,-0.02821148,0.07051876,-0.1157644,0.9907703
2024-11-01T21:28:25.6155957Z,-0.008227439,1.112431,-0.02823053,0.07034942,-0.1152215,0.9908456
2024-11-01T21:28:25.6266690Z,-0.008224795,1.112432,-0.02825731,0.07016943,-0.1149831,0.990886
2024-11-01T21:28:25.6381753Z,-0.008191955,1.112424,-0.02828737,0.07026375,-0.1151026,0.9908655
2024-11-01T21:28:25.6494903Z,-0.008176286,1.11241,-0.02828144,0.0705898,-0.1154332,0.9908038
2024-11-01T21:28:25.6600299Z,-0.008155819,1.112408,-0.02829985,0.07089607,-0.1157851,0.9907409
2024-11-01T21:28:25.6716018Z,-0.008159498,1.112402,-0.0282906,0.07101651,-0.1160064,0.9907064
2024-11-01T21:28:25.6841843Z,-0.008180066,1.112419,-0.02827369,0.07116053,-0.1160149,0.9906951
2024-11-01T21:28:25.7023772Z,-0.008201456,1.112429,-0.02835041,0.07063898,-0.1150592,0.9908438
2024-11-01T21:28:25.7065734Z,-0.008201456,1.112429,-0.02835041,0.07063898,-0.1150592,0.9908438
2024-11-01T21:28:25.7161062Z,-0.008214554,1.112421,-0.02835374,0.02974101,0.2028471,0.9787587
2024-11-01T21:28:25.7266125Z,-0.008210437,1.112416,-0.02836981,0.02958167,0.2029725,0.9787375
2024-11-01T21:28:25.7381194Z,-0.008201241,1.11241,-0.02836933,0.02955193,0.2022747,0.9788828
2024-11-01T21:28:25.7494243Z,-0.008208617,1.112381,-0.02836683,0.02980975,0.2014747,0.97904
2024-11-01T21:28:25.7609412Z,-0.008193035,1.112388,-0.02840041,0.02936861,0.2009365,0.9791639
2024-11-01T21:28:25.7714548Z,-0.008201897,1.112385,-0.02840202,0.02982918,0.1998034,0.9793819
2024-11-01T21:28:25.7819622Z,-0.008201744,1.112383,-0.02839682,0.02833928,0.2021959,0.978935
2024-11-01T21:28:25.7934974Z,-0.008183682,1.112392,-0.02840261,0.02563573,0.205257,0.9783723
2024-11-01T21:28:25.8050043Z,-0.008188548,1.112386,-0.02838146,0.02414018,0.2064142,0.9781669
2024-11-01T21:28:25.8160455Z,-0.008176355,1.112394,-0.02837246,0.02287079,0.2072991,0.9780102
2024-11-01T21:28:25.8270480Z,-0.008170896,1.112368,-0.02838343,0.02047283,0.208995,0.9777024
2024-11-01T21:28:25.8380879Z,-0.00816403,1.112377,-0.02837754,0.01978524,0.2096433,0.9775777
2024-11-01T21:28:25.8488234Z,-0.008157596,1.112383,-0.02839167,0.01919919,0.210352,0.9774372
2024-11-01T21:28:25.8598277Z,-0.008151118,1.112383,-0.0284166,0.0183673,0.2113213,0.9772441
2024-11-01T21:28:25.8708537Z,-0.008141697,1.112411,-0.02839911,0.01736494,0.212302,0.9770498
2024-11-01T21:28:25.8829602Z,-0.008158527,1.112415,-0.02840284,0.01692426,0.2129955,0.9769066
2024-11-01T21:28:25.8929629Z,-0.008162349,1.112406,-0.02841622,0.01615991,0.2136709,0.976772
2024-11-01T21:28:25.9135211Z,-0.008177404,1.112423,-0.0283941,0.01403778,0.2160885,0.9762729
2024-11-01T21:28:25.9180551Z,-0.008177404,1.112423,-0.0283941,0.01403778,0.2160885,0.9762729
2024-11-01T21:28:25.9270292Z,-0.00817802,1.112421,-0.02839318,0.01365684,0.2164859,0.9761902
2024-11-01T21:28:25.9385609Z,-0.008201302,1.112433,-0.02837848,0.01321462,0.2179423,0.9758722
2024-11-01T21:28:25.9500684Z,-0.008210287,1.112434,-0.02838018,0.01279907,0.2183093,0.9757957
2024-11-01T21:28:25.9601107Z,-0.008210206,1.112443,-0.02838656,0.01246599,0.2193682,0.9755625
2024-11-01T21:28:25.9712983Z,-0.008214391,1.112462,-0.02840712,0.01215235,0.2205331,0.9753038
2024-11-01T21:28:25.9824385Z,-0.008213287,1.112462,-0.0284517,0.01186812,0.2217311,0.9750356
2024-11-01T21:28:25.9929388Z,-0.008212132,1.11246,-0.02849016,0.0112423,0.2235633,0.9746246
2024-11-01T21:28:26.0046594Z,-0.00820069,1.112455,-0.02852189,0.0104871,0.2248235,0.9743431
2024-11-01T21:28:26.0159999Z,-0.008195208,1.11244,-0.0285423,0.009809153,0.2256918,0.9741494
2024-11-01T21:28:26.0270702Z,-0.008186843,1.112427,-0.02857017,0.009332649,0.2260029,0.9740819
2024-11-01T21:28:26.0378596Z,-0.008198256,1.112406,-0.02859714,0.008267524,0.2268426,0.9738963
2024-11-01T21:28:26.0493042Z,-0.008204432,1.112414,-0.02858173,0.007400178,0.226955,0.9738771
2024-11-01T21:28:26.0598141Z,-0.008202425,1.112427,-0.02860395,0.00676314,0.2274636,0.9737631
2024-11-01T21:28:26.0719676Z,-0.008197824,1.112442,-0.02864294,0.006014368,0.2285128,0.9735224
2024-11-01T21:28:26.0831580Z,-0.00820621,1.112448,-0.02865463,0.005911477,0.2289596,0.973418
2024-11-01T21:28:26.0936655Z,-0.008214008,1.112466,-0.02867511,0.004750757,0.2297496,0.9732382
2024-11-01T21:28:26.1043761Z,-0.008218292,1.112476,-0.02868744,0.003589711,0.230459,0.9730754
2024-11-01T21:28:26.1248924Z,-0.008200831,1.112468,-0.02867295,0.00307383,0.2303666,0.9730991
2024-11-01T21:28:26.1288935Z,-0.008200831,1.112468,-0.02867295,0.002749609,0.2307925,0.9729991
2024-11-01T21:28:26.1384007Z,-0.008178377,1.112459,-0.02866952,0.004096869,0.2306122,0.9730371
2024-11-01T21:28:26.1502303Z,-0.008167148,1.112464,-0.02865679,0.0130181,0.2273805,0.9737189
2024-11-01T21:28:26.1602346Z,-0.008153973,1.112498,-0.02864707,0.03393542,0.2147675,0.9760755
2024-11-01T21:28:26.1719578Z,-0.008169578,1.112521,-0.02861831,0.1076294,0.1627597,0.9807779
2024-11-01T21:28:26.1829678Z,-0.008187919,1.112549,-0.02860234,0.1489548,0.131953,0.9800004
2024-11-01T21:28:26.1935022Z,-0.008201513,1.112579,-0.02863069,0.1907161,0.1055318,0.9759561
2024-11-01T21:28:26.2050089Z,-0.008196594,1.112601,-0.02862137,0.231148,0.08400376,0.9692853
2024-11-01T21:28:26.2160112Z,-0.008198071,1.112626,-0.02862134,0.272017,0.06163603,0.9603165
2024-11-01T21:28:26.2270137Z,-0.0081839,1.112633,-0.0286158,0.3423305,0.006961867,0.9395538
2024-11-01T21:28:26.2375458Z,-0.008180276,1.112614,-0.02863803,0.3463296,0.000150254,0.9381129
2024-11-01T21:28:26.2490531Z,-0.008182855,1.112601,-0.02864417,0.3628859,-0.01171814,0.9317599
2024-11-01T21:28:26.2603441Z,-0.00819525,1.112593,-0.0286371,0.3916133,-0.03722345,0.9193767
2024-11-01T21:28:26.2712611Z,-0.008219482,1.112589,-0.02862116,0.4041237,-0.04996199,0.9133388
2024-11-01T21:28:26.2825509Z,-0.008272609,1.112618,-0.0285661,0.4449589,-0.05483319,0.8938707
2024-11-01T21:28:26.2937235Z,-0.008272018,1.112637,-0.02858363,0.4660981,-0.05690274,0.8829013
2024-11-01T21:28:26.3055034Z,-0.008275915,1.112636,-0.02860377,0.4866905,-0.06116296,0.8714307
2024-11-01T21:28:26.3250350Z,-0.008188922,1.112659,-0.02864676,0.5250785,-0.07033773,0.8481422
2024-11-01T21:28:26.3295435Z,-0.008188922,1.112659,-0.02864676,0.5312438,-0.07237779,0.8441218
2024-11-01T21:28:26.3386142Z,-0.008129355,1.11264,-0.02866975,0.5317116,-0.07215344,0.8438463
2024-11-01T21:28:26.3494965Z,-0.008122672,1.112625,-0.02865706,0.540547,-0.07516197,0.8379497
2024-11-01T21:28:26.3599355Z,-0.008126744,1.112626,-0.02863785,0.54379,-0.07654344,0.8357233
2024-11-01T21:28:26.3709474Z,-0.008160656,1.112622,-0.02860734,0.5495555,-0.0767495,0.8319244
2024-11-01T21:28:26.3822505Z,-0.008217037,1.11262,-0.02859377,0.5520602,-0.07720822,0.8302219
2024-11-01T21:28:26.3935919Z,-0.008234584,1.112638,-0.02862127,0.5536948,-0.07619196,0.8292267
2024-11-01T21:28:26.4050807Z,-0.008256042,1.112651,-0.02863654,0.5550538,-0.07566084,0.8283663
2024-11-01T21:28:26.4155223Z,-0.008274805,1.112636,-0.02863467,0.5568841,-0.07518533,0.8271803
2024-11-01T21:28:26.4280586Z,-0.00826022,1.112623,-0.028643,0.5599458,-0.0756194,0.8250711
2024-11-01T21:28:26.4385686Z,-0.008238809,1.112606,-0.0286386,0.5613025,-0.07596791,0.8241167
2024-11-01T21:28:26.4499073Z,-0.008207003,1.112604,-0.02862385,0.5637391,-0.0764526,0.8224069
2024-11-01T21:28:26.4606177Z,-0.008171918,1.112606,-0.02862734,0.5652191,-0.07653689,0.8213827
2024-11-01T21:28:26.4720690Z,-0.008136055,1.11262,-0.02864284,0.5659285,-0.07653452,0.8208943
2024-11-01T21:28:26.4830798Z,-0.008125551,1.112632,-0.02864162,0.566303,-0.07633933,0.8206542
2024-11-01T21:28:26.4943145Z,-0.00814685,1.112651,-0.02865437,0.5679,-0.07553354,0.8196245
2024-11-01T21:28:26.5043181Z,-0.008193294,1.112648,-0.02866832,0.568029,-0.07575358,0.8195148
2024-11-01T21:28:26.5158274Z,-0.00823758,1.112642,-0.0286707,0.5685529,-0.07577558,0.8191493
2024-11-01T21:28:26.5356227Z,-0.008276286,1.112629,-0.02865744,0.5687411,-0.07669932,0.8189327
2024-11-01T21:28:26.5401278Z,-0.008276286,1.112629,-0.02865744,0.5686386,-0.07707054,0.818969
2024-11-01T21:28:26.5491366Z,-0.008253004,1.112644,-0.02864221,0.5639558,-0.07766327,0.8221449
2024-11-01T21:28:26.5601391Z,-0.008218138,1.112632,-0.02864939,0.5517902,-0.07710224,0.8304113
2024-11-01T21:28:26.5710427Z,-0.008182524,1.112659,-0.02862931,0.5295789,-0.07659902,0.8447951
2024-11-01T21:28:26.5820748Z,-0.008189328,1.112682,-0.02860311,0.4537106,-0.07076581,0.8883349
2024-11-01T21:28:26.5932073Z,-0.008173984,1.112694,-0.02861179,0.402496,-0.0667057,0.9129881
2024-11-01T21:28:26.6047140Z,-0.008184152,1.112713,-0.02862641,0.3443528,-0.05462877,0.9372496
2024-11-01T21:28:26.6172546Z,-0.008174013,1.112714,-0.02866283,0.2278917,-0.02447711,0.9733788
2024-11-01T21:28:26.6267606Z,-0.008149983,1.112706,-0.0287052,0.210944,-0.01615608,0.9773647
2024-11-01T21:28:26.6382671Z,-0.008110905,1.112695,-0.02873744,0.2007293,-0.01163394,0.9795777
2024-11-01T21:28:26.6507776Z,-0.008083727,1.112689,-0.02873719,0.184456,-0.0003941529,0.9828407
2024-11-01T21:28:26.6614435Z,-0.008082191,1.112662,-0.02875444,0.1845664,-0.0005036155,0.9828199
2024-11-01T21:28:26.6714795Z,-0.008093483,1.112653,-0.02876187,0.1730888,0.005805178,0.9848891
2024-11-01T21:28:26.6829834Z,-0.008119991,1.112646,-0.02875347,0.1645694,0.009230739,0.9863223
2024-11-01T21:28:26.6933671Z,-0.008138085,1.112653,-0.02875067,0.1602871,0.01094949,0.9870097
2024-11-01T21:28:26.7048749Z,-0.008148002,1.112668,-0.02876418,0.1563921,0.01211957,0.9876207
2024-11-01T21:28:26.7155798Z,-0.008147534,1.112663,-0.02878348,0.1506999,0.01524093,0.9884621
2024-11-01T21:28:26.7354696Z,-0.008114033,1.11269,-0.02878626,0.1506926,0.01560947,0.9884574
2024-11-01T21:28:26.7404706Z,-0.008114033,1.11269,-0.02878626,0.1454832,0.01848907,0.989188
2024-11-01T21:28:26.7499779Z,-0.008105823,1.112647,-0.02878728,0.1434883,0.0199068,0.9894518
2024-11-01T21:28:26.7609803Z,-0.008096015,1.112637,-0.02878491,0.1438302,0.01957797,0.9894087
2024-11-01T21:28:26.7719901Z,-0.00810855,1.112647,-0.02877038,0.1397634,0.02314075,0.9899145
2024-11-01T21:28:26.7820749Z,-0.008111116,1.112641,-0.0287755,0.1462105,0.02652074,0.9888979
2024-11-01T21:28:26.7933412Z,-0.008125661,1.112655,-0.02878103,0.1606722,0.03165868,0.9865
2024-11-01T21:28:26.8053555Z,-0.008124811,1.112657,-0.02878768,0.2000231,0.0439937,0.978803
2024-11-01T21:28:26.8156667Z,-0.008115292,1.112656,-0.02879787,0.2191593,0.05013808,0.9744
2024-11-01T21:28:26.8278540Z,-0.008093476,1.112645,-0.02881849,0.2255317,0.05308522,0.9727885
2024-11-01T21:28:26.8383695Z,-0.00808556,1.112633,-0.02882724,0.2257144,0.05288777,0.9727569
2024-11-01T21:28:26.8486260Z,-0.00808126,1.112648,-0.02883694,0.2360506,0.05205302,0.9703456
2024-11-01T21:28:26.8601546Z,-0.008070285,1.112658,-0.02887428,0.2396608,0.04999141,0.9695687
2024-11-01T21:28:26.8716712Z,-0.008077438,1.112669,-0.02888496,0.2438729,0.05255806,0.968382
2024-11-01T21:28:26.8822203Z,-0.008083028,1.112667,-0.02889219,0.2436276,0.0531622,0.9684107
2024-11-01T21:28:26.8933242Z,-0.008066575,1.112687,-0.0289069,0.2448542,0.05442951,0.9680309
2024-11-01T21:28:26.9048312Z,-0.008036857,1.112661,-0.02891677,0.2451107,0.05446992,0.9679637
2024-11-01T21:28:26.9154946Z,-0.008013119,1.112651,-0.02892793,0.2517194,0.05627453,0.9661628
2024-11-01T21:28:26.9265995Z,-0.007955464,1.112682,-0.02894916,0.255338,0.0554047,0.9652631
2024-11-01T21:28:26.9472006Z,-0.007966164,1.112678,-0.02891345,0.2576001,0.0558909,0.9646338
2024-11-01T21:28:26.9522013Z,-0.007966164,1.112678,-0.02891345,0.2576001,0.0558909,0.9646338
2024-11-01T21:28:26.9607075Z,-0.007979185,1.112676,-0.02897327,0.2727708,0.05904407,0.9602655
2024-11-01T21:28:26.9710908Z,-0.00800217,1.112684,-0.02897942,0.3165007,0.06349675,0.9464647
2024-11-01T21:28:26.9825979Z,-0.008035929,1.112684,-0.02899274,0.3459624,0.06427353,0.9360443
2024-11-01T21:28:26.9932373Z,-0.008078912,1.112664,-0.0290092,0.4032087,0.06500895,0.912796
2024-11-01T21:28:27.0047445Z,-0.008131344,1.112649,-0.02900177,0.4277244,0.06794296,0.9013521
2024-11-01T21:28:27.0157467Z,-0.008164789,1.112648,-0.02898153,0.4359061,0.07159191,0.8971401
2024-11-01T21:28:27.0273524Z,-0.008163996,1.112646,-0.02896279,0.4467829,0.07253949,0.8916967
2024-11-01T21:28:27.0384103Z,-0.00815046,1.112643,-0.02897565,0.4503302,0.07262044,0.889904
2024-11-01T21:28:27.0496998Z,-0.008127177,1.112647,-0.02903262,0.4534407,0.0707348,0.8884752
2024-11-01T21:28:27.0597071Z,-0.008105369,1.11263,-0.02908034,0.4590136,0.06872623,0.885767
2024-11-01T21:28:27.0707408Z,-0.008087868,1.112647,-0.02908413,0.4603781,0.06928064,0.8850154
2024-11-01T21:28:27.0827438Z,-0.008079718,1.112649,-0.02910309,0.4613292,0.07015966,0.8844507
2024-11-01T21:28:27.0943207Z,-0.008089403,1.112646,-0.02915166,0.4633175,0.0702575,0.8834029
2024-11-01T21:28:27.1048280Z,-0.008104935,1.112651,-0.02918077,0.4633934,0.0701694,0.8833701
2024-11-01T21:28:27.1156676Z,-0.008117589,1.112648,-0.02920631,0.4648396,0.06947923,0.8826646
2024-11-01T21:28:27.1266756Z,-0.008144345,1.112616,-0.02924426,0.468788,0.06896314,0.8806145
2024-11-01T21:28:27.1464681Z,-0.00819452,1.112608,-0.0292766,0.4708481,0.068556,0.8795466
2024-11-01T21:28:27.1515709Z,-0.00819452,1.112608,-0.0292766,0.4735643,0.06988125,0.8779826
2024-11-01T21:28:27.1603070Z,-0.0081771,1.112628,-0.0292725,0.4778117,0.07054456,0.8756252
2024-11-01T21:28:27.1711121Z,-0.008154233,1.112668,-0.02926729,0.4794089,0.0713945,0.8746827
2024-11-01T21:28:27.1823823Z,-0.008125946,1.112676,-0.02930411,0.4812016,0.07290731,0.8735729
2024-11-01T21:28:27.1938892Z,-0.008091899,1.11267,-0.02933735,0.4829664,0.07481194,0.8724372
2024-11-01T21:28:27.2055722Z,-0.008074567,1.112663,-0.02937043,0.4838624,0.07648765,0.8717951
2024-11-01T21:28:27.2161284Z,-0.008091344,1.112629,-0.02941228,0.4839679,0.07646945,0.8717383
2024-11-01T21:28:27.2276648Z,-0.008143134,1.112599,-0.02943878,0.4852643,0.07589354,0.8710676
2024-11-01T21:28:27.2386761Z,-0.008167178,1.112603,-0.02946094,0.4868051,0.07684751,0.8701237
2024-11-01T21:28:27.2492029Z,-0.008211542,1.112609,-0.02946045,0.486672,0.07733934,0.8701546
2024-11-01T21:28:27.2609400Z,-0.008206225,1.112609,-0.02947318,0.4868113,0.07828057,0.8699925
2024-11-01T21:28:27.2719858Z,-0.008177034,1.112635,-0.02949146,0.4872093,0.07977426,0.8696339
2024-11-01T21:28:27.2836758Z,-0.008144023,1.112632,-0.0295243,0.4792144,0.08033344,0.8740138
2024-11-01T21:28:27.2930347Z,-0.008130166,1.11263,-0.02955444,0.4604482,0.08084309,0.8839977
2024-11-01T21:28:27.3056609Z,-0.008109174,1.112624,-0.02959941,0.3864111,0.07892588,0.9189435
2024-11-01T21:28:27.3155395Z,-0.008102498,1.112618,-0.0295775,0.3864076,0.07857613,0.9189749
2024-11-01T21:28:27.3267213Z,-0.008087886,1.112611,-0.02955567,0.2656509,0.07324846,0.9612826
2024-11-01T21:28:27.3472569Z,-0.008088855,1.11262,-0.02947249,0.119879,0.07554659,0.9899099
2024-11-01T21:28:27.3512573Z,-0.008088855,1.11262,-0.02947249,0.04573601,0.08022308,0.9957271
2024-11-01T21:28:27.3612602Z,-0.008082207,1.112633,-0.02944363,-0.02638312,0.08401302,0.9961153
2024-11-01T21:28:27.3717667Z,-0.008079067,1.112668,-0.02943625,-0.08916692,0.08952814,0.9919848
2024-11-01T21:28:27.3824139Z,-0.008057175,1.112687,-0.02946222,-0.197435,0.102977,0.9748924
2024-11-01T21:28:27.3936240Z,-0.008058594,1.112704,-0.02945367,-0.2433498,0.1079984,0.9639072
2024-11-01T21:28:27.4047463Z,-0.008056126,1.112705,-0.02945076,-0.2491281,0.110831,0.962108
2024-11-01T21:28:27.4157484Z,-0.008072251,1.112699,-0.02941682,-0.2507077,0.1096308,0.9618351
2024-11-01T21:28:27.4267577Z,-0.008080276,1.112703,-0.02937624,-0.2516888,0.1094451,0.9615999
2024-11-01T21:28:27.4388243Z,-0.008088325,1.112732,-0.02932965,-0.2526624,0.1106223,0.9612099
2024-11-01T21:28:27.4493568Z,-0.008108359,1.112771,-0.02931892,-0.2541243,0.1117358,0.9606956
2024-11-01T21:28:27.4598640Z,-0.008101346,1.112784,-0.02934864,-0.2552888,0.1127634,0.9602666
2024-11-01T21:28:27.4711366Z,-0.008104846,1.112792,-0.02934198,-0.2572272,0.1139015,0.9596148
2024-11-01T21:28:27.4831396Z,-0.008109305,1.112805,-0.02932358,-0.2587374,0.1137104,0.9592314
2024-11-01T21:28:27.4934677Z,-0.008122548,1.112805,-0.02933048,-0.2633142,0.1148535,0.9578488
2024-11-01T21:28:27.5045568Z,-0.008131728,1.112777,-0.02934528,-0.2870013,0.1192655,0.9504767
2024-11-01T21:28:27.5151764Z,-0.008128597,1.112786,-0.02932954,-0.287177,0.119043,0.9504516
2024-11-01T21:28:27.5272130Z,-0.008135167,1.112794,-0.02931222,-0.3220116,0.1271343,0.9381607
2024-11-01T21:28:27.5387199Z,-0.008131159,1.112802,-0.02930599,-0.341484,0.1332903,0.9303883
2024-11-01T21:28:27.5577359Z,-0.008093834,1.112797,-0.02931251,-0.3713364,0.1451706,0.9170794
2024-11-01T21:28:27.5627372Z,-0.008093834,1.112797,-0.02931251,-0.3713364,0.1451706,0.9170794
2024-11-01T21:28:27.5715729Z,-0.008079659,1.11279,-0.02933357,-0.3772981,0.1472106,0.9143168
2024-11-01T21:28:27.5830796Z,-0.008065993,1.112794,-0.02933358,-0.386666,0.1487907,0.9101378
2024-11-01T21:28:27.5931827Z,-0.008057116,1.112783,-0.02932942,-0.3894281,0.1491261,0.9089044
2024-11-01T21:28:27.6054654Z,-0.008049869,1.112779,-0.02932017,-0.3941211,0.1493471,0.9068429
2024-11-01T21:28:27.6161475Z,-0.00805369,1.112772,-0.02931368,-0.3963236,0.1502011,0.9057413
2024-11-01T21:28:27.6266059Z,-0.008062931,1.112762,-0.02931619,-0.398144,0.1505339,0.9048873
2024-11-01T21:28:27.6381161Z,-0.008102015,1.112774,-0.02930999,-0.4000229,0.151296,0.903931
2024-11-01T21:28:27.6491201Z,-0.008136828,1.112764,-0.0293106,-0.4014209,0.1516198,0.9032568
2024-11-01T21:28:27.6606273Z,-0.008167328,1.112759,-0.02930359,-0.4036754,0.1511906,0.9023234
2024-11-01T21:28:27.6716927Z,-0.008157447,1.112757,-0.0293025,-0.4047891,0.1512694,0.9018112
2024-11-01T21:28:27.6827552Z,-0.00812171,1.112752,-0.02931267,-0.4045624,0.1535106,0.9015341
2024-11-01T21:28:27.6938044Z,-0.00808713,1.112743,-0.02932189,-0.3968045,0.1549565,0.9047291
2024-11-01T21:28:27.7054811Z,-0.008048047,1.112725,-0.0293405,-0.3793462,0.1570071,0.9118362
2024-11-01T21:28:27.7165351Z,-0.008053253,1.112729,-0.02932913,-0.3191302,0.1366838,0.9378024
2024-11-01T21:28:27.7266021Z,-0.008062134,1.112729,-0.02934046,-0.2756611,0.1219237,0.9534913
2024-11-01T21:28:27.7381091Z,-0.008063756,1.112732,-0.02934084,-0.2410635,0.1198925,0.9630754
2024-11-01T21:28:27.7581464Z,-0.008091123,1.112739,-0.02934393,-0.1611994,0.1350276,0.9776412
2024-11-01T21:28:27.7631473Z,-0.008091123,1.112739,-0.02934393,-0.1611994,0.1350276,0.9776412
2024-11-01T21:28:27.7721493Z,-0.008127524,1.112752,-0.02930393,-0.0886351,0.1394273,0.9862575
2024-11-01T21:28:27.7824920Z,-0.008146882,1.112758,-0.02928733,-0.08896254,0.1393806,0.9862346
2024-11-01T21:28:27.7935309Z,-0.008163836,1.11278,-0.02928082,-0.0586184,0.1436357,0.987893
2024-11-01T21:28:27.8052058Z,-0.008172028,1.112783,-0.02929676,-0.0002272781,0.1588345,0.9873052
2024-11-01T21:28:27.8157142Z,-0.008140927,1.112782,-0.02934358,0.04543417,0.1702413,0.9843544
2024-11-01T21:28:27.8266941Z,-0.008099454,1.112807,-0.02938116,0.04577239,0.1708334,0.9842362
2024-11-01T21:28:27.8376991Z,-0.008073129,1.112838,-0.02946084,0.1023487,0.1800857,0.9783118
2024-11-01T21:28:27.8503388Z,-0.008089758,1.112862,-0.02966302,0.1243875,0.1842678,0.9749734
2024-11-01T21:28:27.8601798Z,-0.008144366,1.112884,-0.02968944,0.1558853,0.1875673,0.9698032
2024-11-01T21:28:27.8711880Z,-0.00816973,1.112895,-0.02977276,0.1662271,0.1916964,0.9672751
2024-11-01T21:28:27.8823866Z,-0.008204623,1.112958,-0.0298798,0.1756503,0.1938782,0.9651726
2024-11-01T21:28:27.8938784Z,-0.008256526,1.113016,-0.02997719,0.1904468,0.1969055,0.9617475
2024-11-01T21:28:27.9044380Z,-0.008348602,1.113042,-0.03009235,0.1951795,0.1983916,0.9604924
2024-11-01T21:28:27.9159443Z,-0.008416844,1.113082,-0.03016664,0.1987207,0.1993297,0.9595717
2024-11-01T21:28:27.9276150Z,-0.008483564,1.113084,-0.0302336,0.2031753,0.2006054,0.9583722
2024-11-01T21:28:27.9386268Z,-0.008478528,1.113127,-0.03031862,0.2109479,0.201885,0.9564222
2024-11-01T21:28:27.9584517Z,-0.008425121,1.113172,-0.03045346,0.2193393,0.2032537,0.9542422
2024-11-01T21:28:27.9619572Z,-0.008425121,1.113172,-0.03045346,0.2193393,0.2032537,0.9542422
2024-11-01T21:28:27.9717353Z,-0.008391556,1.113172,-0.03051819,0.2225007,0.2034195,0.9534746
2024-11-01T21:28:27.9822279Z,-0.008368062,1.113185,-0.03057473,0.2243377,0.2043235,0.9528507
2024-11-01T21:28:27.9934023Z,-0.008374169,1.113217,-0.0306282,0.2255932,0.205054,0.9523973
2024-11-01T21:28:28.0046502Z,-0.00838948,1.113256,-0.0307251,0.2280538,0.2035045,0.9521435
2024-11-01T21:28:28.0162944Z,-0.008426433,1.113229,-0.03083452,0.2281553,0.2033948,0.9521427
2024-11-01T21:28:28.0268013Z,-0.00845326,1.113259,-0.03086318,0.2294521,0.2023049,0.9520633
2024-11-01T21:28:28.0384057Z,-0.008462691,1.113255,-0.03087821,0.2297763,0.2023378,0.9519781
2024-11-01T21:28:28.0499023Z,-0.008458319,1.113279,-0.03089198,0.2308636,0.2027518,0.9516269
2024-11-01T21:28:28.0594879Z,-0.00846151,1.113308,-0.03088999,0.2322182,0.2028604,0.9512741
2024-11-01T21:28:28.0710816Z,-0.008437243,1.113285,-0.03091848,0.2349001,0.203463,0.9504866
2024-11-01T21:28:28.0821963Z,-0.008417634,1.11328,-0.0309329,0.2358627,0.2039798,0.9501374
2024-11-01T21:28:28.0936959Z,-0.008408602,1.113272,-0.03098431,0.2368096,0.204865,0.9497113
2024-11-01T21:28:28.1045378Z,-0.008408935,1.113262,-0.0310143,0.2367143,0.2050632,0.9496922
2024-11-01T21:28:28.1154614Z,-0.008419164,1.113255,-0.03099898,0.2389151,0.2070921,0.9487004
2024-11-01T21:28:28.1266001Z,-0.008421255,1.11325,-0.03097837,0.2388132,0.2070914,0.9487262
2024-11-01T21:28:28.1376121Z,-0.008411261,1.113246,-0.03094847,0.2406459,0.2076816,0.9481339
2024-11-01T21:28:28.1496149Z,-0.008407116,1.113255,-0.0309176,0.2416189,0.2076083,0.9479025
2024-11-01T21:28:28.1694673Z,-0.008398098,1.113247,-0.03094288,0.2430114,0.2077723,0.9475105
2024-11-01T21:28:28.1741129Z,-0.008398098,1.113247,-0.03094288,0.2442847,0.2084185,0.947041
2024-11-01T21:28:28.1826198Z,-0.008445136,1.113257,-0.03096021,0.2422162,0.2104712,0.9471183
2024-11-01T21:28:28.1935534Z,-0.008508176,1.113261,-0.03097058,0.2304362,0.2086406,0.9504569
2024-11-01T21:28:28.2051743Z,-0.008560461,1.113269,-0.0309271,0.1806615,0.1938347,0.9642559
2024-11-01T21:28:28.2161759Z,-0.008622905,1.113248,-0.03087668,0.1405809,0.1789215,0.973768
2024-11-01T21:28:28.2271783Z,-0.008651279,1.113249,-0.0307872,0.0924343,0.1625635,0.9823589
2024-11-01T21:28:28.2377779Z,-0.008665815,1.113258,-0.03069258,0.03897682,0.1484707,0.9881484
2024-11-01T21:28:28.2498303Z,-0.008657879,1.113284,-0.03059804,0.05785666,-0.1051238,0.9927747
2024-11-01T21:28:28.2603727Z,-0.008647643,1.113303,-0.03048855,0.05799898,-0.1053628,0.992741
2024-11-01T21:28:28.2720588Z,-0.008655567,1.113307,-0.0303262,0.05820462,-0.10499,0.9927685
2024-11-01T21:28:28.2825493Z,-0.008690193,1.113322,-0.03008348,0.05844984,-0.1042733,0.9928296
2024-11-01T21:28:28.2940398Z,-0.008728119,1.113304,-0.02987451,0.05866774,-0.1036172,0.9928855
2024-11-01T21:28:28.3051681Z,-0.008752909,1.113326,-0.02968372,0.05860926,-0.1043404,0.9928132
2024-11-01T21:28:28.3155403Z,-0.008704413,1.113319,-0.02968872,0.05904442,-0.1045565,0.9927647
2024-11-01T21:28:28.3275823Z,-0.008684065,1.113372,-0.02969181,0.05984957,-0.1056418,0.9926016
2024-11-01T21:28:28.3402808Z,-0.008691661,1.113318,-0.02977478,0.0614153,-0.107342,0.9923235
2024-11-01T21:28:28.3494379Z,-0.008657096,1.113307,-0.02980969,0.06188668,-0.108451,0.9921736
2024-11-01T21:28:28.3691312Z,-0.008719381,1.113337,-0.02964854,0.0628096,-0.1076313,0.9922048
2024-11-01T21:28:28.3736892Z,-0.008719381,1.113337,-0.02964854,0.0628096,-0.1076313,0.9922048
2024-11-01T21:28:28.3823069Z,-0.008753551,1.113358,-0.02954353,0.06303552,-0.1069164,0.9922678
2024-11-01T21:28:28.3937890Z,-0.008768961,1.113357,-0.02946581,0.06301051,-0.1063592,0.9923293
2024-11-01T21:28:28.4052964Z,-0.008789265,1.113356,-0.02939502,0.063024,-0.1061844,0.9923471
2024-11-01T21:28:28.4158036Z,-0.008818242,1.113342,-0.02935479,0.06293263,-0.1064233,0.9923273
2024-11-01T21:28:28.4283387Z,-0.008816475,1.113338,-0.02939798,0.06268357,-0.1069174,0.99229
2024-11-01T21:28:28.4387157Z,-0.008841913,1.113307,-0.02943066,0.06247892,-0.1072132,0.992271
2024-11-01T21:28:28.4502623Z,-0.008870535,1.113302,-0.02942503,0.06241073,-0.1075981,0.9922336
2024-11-01T21:28:28.4624801Z,-0.008865942,1.113299,-0.02943622,0.06175405,-0.1071443,0.9923238
2024-11-01T21:28:28.4727699Z,-0.008852295,1.113318,-0.0294321,0.06123596,-0.1065383,0.9924212
2024-11-01T21:28:28.4852182Z,-0.008849028,1.113338,-0.02941247,0.06129401,-0.1060216,0.9924729
2024-11-01T21:28:28.4959377Z,-0.008783218,1.11329,-0.02946775,0.06150431,-0.1061881,0.9924421
2024-11-01T21:28:28.5074336Z,-0.008738586,1.113261,-0.02949523,0.06177324,-0.1063342,0.9924098
2024-11-01T21:28:28.5176071Z,-0.008709691,1.113243,-0.02949535,0.06240239,-0.1064763,0.9923552
2024-11-01T21:28:28.5287131Z,-0.008719447,1.113257,-0.02952905,0.06200815,-0.1063015,0.9923986
2024-11-01T21:28:28.5409337Z,-0.008726562,1.113257,-0.02954177,0.06147148,-0.106269,0.9924355
2024-11-01T21:28:28.5510117Z,-0.008729322,1.113252,-0.02956128,0.06128542,-0.106088,0.9924663
2024-11-01T21:28:28.5705209Z,-0.00875687,1.113241,-0.0295841,0.06085199,-0.105763,0.9925277
2024-11-01T21:28:28.5759976Z,-0.00875687,1.113241,-0.0295841,0.06085199,-0.105763,0.9925277
2024-11-01T21:28:28.5849749Z,-0.008742031,1.113242,-0.02962023,0.06033973,-0.105563,0.9925802
2024-11-01T21:28:28.5945171Z,-0.008744087,1.113231,-0.02963333,0.06032487,-0.105586,0.9925787
2024-11-01T21:28:28.6066471Z,-0.008738654,1.113207,-0.02963891,0.06040319,-0.1056915,0.9925627
2024-11-01T21:28:28.6171892Z,-0.008738644,1.113195,-0.02963472,0.01503966,-0.3723683,0.9279632
2024-11-01T21:28:28.6281924Z,-0.008743161,1.113186,-0.02962844,0.01508943,-0.3726349,0.9278554
2024-11-01T21:28:28.6391943Z,-0.008739621,1.113195,-0.02961997,0.01491356,-0.3707717,0.9286043
2024-11-01T21:28:28.6501968Z,-0.008739177,1.113199,-0.02963244,0.01328454,-0.366708,0.9302413
2024-11-01T21:28:28.6616451Z,-0.008750899,1.113224,-0.02963511,0.01297396,-0.3618822,0.9321336
2024-11-01T21:28:28.6731512Z,-0.008744781,1.113208,-0.02970321,0.01252296,-0.3595787,0.9330307
2024-11-01T21:28:28.6846588Z,-0.008753777,1.113182,-0.02973912,0.0122224,-0.3579293,0.9336687
2024-11-01T21:28:28.6952982Z,-0.00877181,1.11316,-0.02975634,0.01167319,-0.352428,0.9357662
2024-11-01T21:28:28.7058895Z,-0.008771503,1.113155,-0.02976166,0.01125,-0.3525306,0.9357327
2024-11-01T21:28:28.7162761Z,-0.008789934,1.113145,-0.02978415,0.01531179,-0.3485801,0.9371539
2024-11-01T21:28:28.7282789Z,-0.008792806,1.113128,-0.02981915,0.01915015,-0.3486224,0.9370676
2024-11-01T21:28:28.7402816Z,-0.008796857,1.113121,-0.02984115,0.04244495,-0.3481558,0.9364753
2024-11-01T21:28:28.7514528Z,-0.008797954,1.113133,-0.02983488,0.108824,-0.3523785,0.9295089
2024-11-01T21:28:28.7624554Z,-0.008750646,1.113135,-0.02982937,0.1429112,-0.3551171,0.9238335
2024-11-01T21:28:28.7807969Z,-0.008687207,1.113153,-0.02982771,0.2334075,-0.3626638,0.9022172
2024-11-01T21:28:28.7879090Z,-0.008687207,1.113153,-0.02982771,0.2645705,-0.3584179,0.8952872
2024-11-01T21:28:28.7954299Z,-0.008698267,1.113147,-0.02983722,0.2966327,-0.3457233,0.8902159
2024-11-01T21:28:28.8075216Z,-0.008740597,1.113167,-0.02982974,0.2969402,-0.3457031,0.8901213
2024-11-01T21:28:28.8175833Z,-0.008810954,1.113159,-0.02984913,0.3740372,-0.3224383,0.8695572
2024-11-01T21:28:28.8287741Z,-0.008892511,1.113161,-0.02986449,0.4693114,-0.2900584,0.8340341
2024-11-01T21:28:28.8403174Z,-0.008958992,1.11316,-0.02988049,0.5136471,-0.2697563,0.8144926
2024-11-01T21:28:28.8503193Z,-0.008988421,1.113168,-0.02986442,0.548649,-0.2477026,0.798516
2024-11-01T21:28:28.8619069Z,-0.008930547,1.113158,-0.02986639,0.5781142,-0.2289818,0.7831675
2024-11-01T21:28:28.8726624Z,-0.008853575,1.113156,-0.02985227,0.6041303,-0.2108104,0.7684956
2024-11-01T21:28:28.8849228Z,-0.008802794,1.113152,-0.02984262,0.6242062,-0.1863927,0.7586992
2024-11-01T21:28:28.8949251Z,-0.008742236,1.113152,-0.02983806,0.6288913,-0.181074,0.7561136
2024-11-01T21:28:28.9062230Z,-0.008717669,1.113166,-0.02981915,0.632202,-0.178848,0.7538794
2024-11-01T21:28:28.9172253Z,-0.008711114,1.113213,-0.02978697,0.63207,-0.1783947,0.7540973
2024-11-01T21:28:28.9282277Z,-0.008720417,1.11322,-0.02980716,0.6319166,-0.1788357,0.7541215
2024-11-01T21:28:28.9392304Z,-0.00874676,1.113231,-0.02983152,0.6312709,-0.1801268,0.754355
2024-11-01T21:28:28.9502337Z,-0.00878885,1.113218,-0.02982806,0.6313033,-0.1793834,0.754505
2024-11-01T21:28:28.9618473Z,-0.008806046,1.113218,-0.0298289,0.6316015,-0.1792723,0.7542818
2024-11-01T21:28:28.9723542Z,-0.008826432,1.113213,-0.0298198,0.6297812,-0.1791495,0.7558314
2024-11-01T21:28:28.9915373Z,-0.008831886,1.113261,-0.0297824,0.6297426,-0.176883,0.7563972
2024-11-01T21:28:28.9965383Z,-0.008831886,1.113261,-0.0297824,0.6297949,-0.1759875,0.7565625
2024-11-01T21:28:29.0055407Z,-0.008817129,1.113264,-0.02978269,0.6299547,-0.1755662,0.7565274
2024-11-01T21:28:29.0168830Z,-0.008812729,1.113269,-0.02979865,0.6300851,-0.1748442,0.756586
2024-11-01T21:28:29.0274517Z,-0.008807421,1.113274,-0.02981275,0.6302556,-0.1750638,0.7563931
2024-11-01T21:28:29.0379591Z,-0.008813387,1.113262,-0.02983133,0.6311781,-0.1743989,0.7557772
2024-11-01T21:28:29.0493299Z,-0.008832825,1.113252,-0.02984833,0.631294,-0.1735631,0.7558729
2024-11-01T21:28:29.0603148Z,-0.008846637,1.113227,-0.02987714,0.6313043,-0.1732974,0.7559252
2024-11-01T21:28:29.0720452Z,-0.008869089,1.113221,-0.02987069,0.6310837,-0.1733325,0.7561014
2024-11-01T21:28:29.0826376Z,-0.00888969,1.113212,-0.0298638,0.6309049,-0.1721221,0.7565269
2024-11-01T21:28:29.0933728Z,-0.008886615,1.113193,-0.02985069,0.630826,-0.1722545,0.7565626
2024-11-01T21:28:29.1048807Z,-0.008860637,1.113173,-0.02983487,0.6311224,-0.1722789,0.7563099
2024-11-01T21:28:29.1164182Z,-0.008862836,1.113153,-0.0298118,0.6313651,-0.1718086,0.7562142
2024-11-01T21:28:29.1269256Z,-0.00886674,1.113143,-0.02980345,0.6315323,-0.1719324,0.7560465
2024-11-01T21:28:29.1385230Z,-0.008873912,1.113146,-0.02982165,0.6314972,-0.1712534,0.7562299
2024-11-01T21:28:29.1496418Z,-0.00887503,1.11315,-0.02982834,0.6313201,-0.1705844,0.7565289
2024-11-01T21:28:29.1608418Z,-0.008882046,1.113145,-0.02981513,0.6320998,-0.1695517,0.7561098
2024-11-01T21:28:29.1715946Z,-0.008873302,1.11314,-0.02981362,0.6324052,-0.1689644,0.755986
2024-11-01T21:28:29.1824509Z,-0.008869067,1.113127,-0.02980394,0.6297478,-0.1697085,0.7580348
2024-11-01T21:28:29.2028675Z,-0.008879238,1.113102,-0.02978681,0.6058322,-0.1620345,0.7789173
2024-11-01T21:28:29.2078686Z,-0.008879238,1.113102,-0.02978681,0.5820955,-0.1513369,0.798913
2024-11-01T21:28:29.2162034Z,-0.008884578,1.113107,-0.02977682,0.5522483,-0.1311928,0.8232924
2024-11-01T21:28:29.2267414Z,-0.008891298,1.113104,-0.02977706,0.5193638,-0.1039421,0.8482083
2024-11-01T21:28:29.2383703Z,-0.008868983,1.113127,-0.0297825,0.4769871,-0.07021134,0.8761014
2024-11-01T21:28:29.2488109Z,-0.008833105,1.113134,-0.02979529,0.3865491,0.0190314,0.9220724
2024-11-01T21:28:29.2598435Z,-0.008786626,1.113154,-0.0298115,0.3456057,0.05940715,0.9364974
2024-11-01T21:28:29.2718686Z,-0.008773342,1.113155,-0.02982839,0.3083617,0.09512015,0.9465016
2024-11-01T21:28:29.2841675Z,-0.008777825,1.113142,-0.02985266,0.2433119,0.166928,0.955476
2024-11-01T21:28:29.2948075Z,-0.008787321,1.11313,-0.02987509,0.2435265,0.1763053,0.9537354
2024-11-01T21:28:29.3059209Z,-0.008796684,1.113112,-0.0299142,0.2439238,0.1823294,0.9525005
2024-11-01T21:28:29.3154603Z,-0.008789482,1.113114,-0.02995316,0.2456603,0.1886254,0.9508267
2024-11-01T21:28:29.3269674Z,-0.00876094,1.113111,-0.02999569,0.2461722,0.1915507,0.9501092
2024-11-01T21:28:29.3389702Z,-0.008708147,1.113108,-0.03000951,0.2470767,0.1921344,0.9497566
2024-11-01T21:28:29.3494052Z,-0.008628146,1.113118,-0.03000102,0.2477102,0.194519,0.9491059
2024-11-01T21:28:29.3604073Z,-0.008535296,1.113124,-0.03000798,0.2487896,0.1961846,0.9484805
2024-11-01T21:28:29.3734591Z,-0.008518875,1.113116,-0.03001643,0.2500998,0.1967129,0.9480264
2024-11-01T21:28:29.3840280Z,-0.008512246,1.113084,-0.03002259,0.2501925,0.1961363,0.9481214
2024-11-01T21:28:29.4031568Z,-0.008505428,1.113132,-0.03005131,0.2492571,0.1966194,0.9482678
2024-11-01T21:28:29.4071579Z,-0.008505428,1.113132,-0.03005131,0.2493077,0.1971431,0.9481457
2024-11-01T21:28:29.4161606Z,-0.008498272,1.113134,-0.03006695,0.2489156,0.1979587,0.9480788
2024-11-01T21:28:29.4271914Z,-0.008486146,1.113106,-0.03009571,0.2490425,0.1981344,0.9480088
2024-11-01T21:28:29.4388621Z,-0.008466339,1.113083,-0.03011001,0.2492601,0.1981642,0.9479454
2024-11-01T21:28:29.4508731Z,-0.008430589,1.113067,-0.03012745,0.2496607,0.1984401,0.9477822
2024-11-01T21:28:29.4607270Z,-0.008413944,1.113042,-0.03017237,0.2504078,0.1977909,0.9477208
2024-11-01T21:28:29.4728215Z,-0.008429508,1.113005,-0.03024101,0.2504838,0.1974324,0.9477754
2024-11-01T21:28:29.4829688Z,-0.008400212,1.11301,-0.03030977,0.2502128,0.1989149,0.9475371
2024-11-01T21:28:29.4937584Z,-0.008417659,1.113024,-0.03036073,0.2360013,0.2030512,0.9503018
2024-11-01T21:28:29.5047424Z,-0.008469841,1.112996,-0.03040609,0.2140652,0.2071283,0.9546067
2024-11-01T21:28:29.5162787Z,-0.00851116,1.112971,-0.0304286,0.1790232,0.211851,0.9607652
2024-11-01T21:28:29.5274118Z,-0.008544544,1.112951,-0.03047316,0.1342215,0.2143634,0.9674879
2024-11-01T21:28:29.5384140Z,-0.008578154,1.112935,-0.0305078,-0.03284242,0.2216179,0.9745803
2024-11-01T21:28:29.5494168Z,-0.008587645,1.112935,-0.03051214,-0.08216442,0.2213771,0.9717207
2024-11-01T21:28:29.5604205Z,-0.008569242,1.112931,-0.03053564,-0.09676745,0.2208182,0.9705027
2024-11-01T21:28:29.5719301Z,-0.008551881,1.112929,-0.03052502,-0.1147086,0.2243813,0.9677267
2024-11-01T21:28:29.5834216Z,-0.008528113,1.112928,-0.03051784,-0.1213224,0.2264491,0.9664376
2024-11-01T21:28:29.5934688Z,-0.008538066,1.112895,-0.03048708,-0.1257743,0.2266662,0.9658174
2024-11-01T21:28:29.6139778Z,-0.008567567,1.11283,-0.03044582,-0.1346931,0.2259828,0.9647744
2024-11-01T21:28:29.6189790Z,-0.008567567,1.11283,-0.03044582,-0.1346931,0.2259828,0.9647744
2024-11-01T21:28:29.6275012Z,-0.008602847,1.112801,-0.03041056,-0.1371343,0.2259674,0.964434
2024-11-01T21:28:29.6384009Z,-0.008618975,1.112795,-0.0303948,-0.1394008,0.2262899,0.9640334
2024-11-01T21:28:29.6494033Z,-0.008633389,1.112801,-0.03037078,-0.1415602,0.2257502,0.9638452
2024-11-01T21:28:29.6609133Z,-0.00864742,1.112819,-0.03033716,-0.1457979,0.2258737,0.9631844
2024-11-01T21:28:29.6719158Z,-0.008656738,1.112866,-0.03032126,-0.1507889,0.2266714,0.9622281
2024-11-01T21:28:29.6828865Z,-0.008677091,1.112861,-0.03033157,-0.1608381,0.2265374,0.960631
2024-11-01T21:28:29.6933848Z,-0.008687754,1.11286,-0.03032338,-0.1976932,0.2200797,0.9552394
2024-11-01T21:28:29.7053871Z,-0.008686803,1.112872,-0.03030291,-0.2212094,0.2140694,0.9514413
2024-11-01T21:28:29.7158926Z,-0.00868712,1.112876,-0.03026471,-0.248648,0.2083092,0.9459289
2024-11-01T21:28:29.7269410Z,-0.007648571,1.098895,-0.003969738,-0.27769,0.2033116,0.9389104
2024-11-01T21:28:29.7382945Z,-0.007650625,1.098879,-0.003914485,-0.3128213,0.2090334,0.9265246
2024-11-01T21:28:29.7492966Z,-0.007667536,1.098868,-0.003886975,-0.3398763,0.204739,0.917914
2024-11-01T21:28:29.7612993Z,-0.007667174,1.098885,-0.003855946,-0.3670692,0.1994077,0.9085686
2024-11-01T21:28:29.7724726Z,-0.007677444,1.09889,-0.003826847,-0.400452,0.1946577,0.895403
2024-11-01T21:28:29.7826646Z,-0.007690886,1.098897,-0.003779791,-0.400555,0.1943667,0.8954201
2024-11-01T21:28:29.7941717Z,-0.007695137,1.098898,-0.003730219,-0.4315003,0.1760094,0.8847758
2024-11-01T21:28:29.8141761Z,-0.007654352,1.09892,-0.003636179,-0.443617,0.166375,0.880638
2024-11-01T21:28:29.8181768Z,-0.007654352,1.09892,-0.003636179,-0.443617,0.166375,0.880638
2024-11-01T21:28:29.8271792Z,-0.007618041,1.098946,-0.003605645,-0.4482582,0.1616724,0.8791625
2024-11-01T21:28:29.8386868Z,-0.007585628,1.098973,-0.003610579,-0.4559156,0.1519445,0.8769572
2024-11-01T21:28:29.8501926Z,-0.007556308,1.098998,-0.003618138,-0.460152,0.1463595,0.8756934
2024-11-01T21:28:29.8604708Z,-0.007557809,1.099001,-0.003621861,-0.4600934,0.1464988,0.875701
2024-11-01T21:28:29.8716371Z,-0.007582183,1.098982,-0.003620032,-0.4635634,0.143495,0.8743673
2024-11-01T21:28:29.8828602Z,-0.007616642,1.098965,-0.003615698,-0.4662618,0.14073,0.8733814
2024-11-01T21:28:29.8942455Z,-0.007655494,1.09895,-0.003605915,-0.4675885,0.1391218,0.8729296
2024-11-01T21:28:29.9057654Z,-0.007720567,1.098964,-0.003610903,-0.469335,0.1379323,0.8721808
2024-11-01T21:28:29.9163595Z,-0.007744971,1.098969,-0.003636217,-0.4673414,0.1367152,0.8734421
2024-11-01T21:28:29.9275587Z,-0.007762569,1.098978,-0.003671583,-0.4597974,0.1335547,0.8779234
2024-11-01T21:28:29.9391420Z,-0.007729416,1.099004,-0.003678225,-0.4204345,0.1137718,0.9001616
2024-11-01T21:28:29.9543134Z,-0.007640479,1.098987,-0.003689425,-0.3891122,0.09701961,0.9160671
2024-11-01T21:28:29.9656614Z,-0.007583489,1.098972,-0.003704179,-0.3006342,0.04809731,0.952526
2024-11-01T21:28:29.9766641Z,-0.007549439,1.098971,-0.003721241,-0.2426071,0.01897636,0.9699391
2024-11-01T21:28:29.9869913Z,-0.007565537,1.098993,-0.00370785,-0.1822291,-0.01086196,0.9831961
2024-11-01T21:28:29.9982671Z,-0.00760323,1.098996,-0.00369321,-0.09252977,-0.06393938,0.9936548
2024-11-01T21:28:30.0183254Z,-0.007703424,1.098979,-0.00367501,-0.05153769,-0.08397735,0.995134
2024-11-01T21:28:30.0235477Z,-0.007703424,1.098979,-0.00367501,-0.03758831,-0.09048509,0.9951882
2024-11-01T21:28:30.0330550Z,-0.007740711,1.098941,-0.003663285,-0.0271565,-0.09478944,0.9951268
2024-11-01T21:28:30.0441047Z,-0.007735515,1.098935,-0.003640244,-0.01375015,-0.09994479,0.994898
2024-11-01T21:28:30.0561086Z,-0.007710115,1.098921,-0.003636364,-0.01020525,-0.1003659,0.9948983
2024-11-01T21:28:30.0680058Z,-0.007662251,1.098949,-0.003641179,7.061125E-05,-0.1037682,0.9946015
2024-11-01T21:28:30.0789765Z,-0.00762859,1.098968,-0.003647167,0.03045465,-0.1204304,0.9922545
2024-11-01T21:28:30.0895346Z,-0.007594928,1.099,-0.003664363,0.06480682,-0.1383685,0.9882582
2024-11-01T21:28:30.0980407Z,-0.007606351,1.098998,-0.003683195,0.1077977,-0.1578828,0.9815562
2024-11-01T21:28:30.1101021Z,-0.007622536,1.098999,-0.003696518,0.1613732,-0.178278,0.9706573
2024-11-01T21:28:30.1211149Z,-0.007650666,1.098963,-0.003707329,0.2384918,-0.2185607,0.9462309
2024-11-01T21:28:30.1312532Z,-0.007678487,1.098931,-0.003697136,0.267084,-0.2243369,0.9371975
2024-11-01T21:28:30.1422558Z,-0.007707934,1.098917,-0.003671207,0.288664,-0.2289948,0.9296421
2024-11-01T21:28:30.1544503Z,-0.007711953,1.098936,-0.003658555,0.3061782,-0.2339392,0.9227824
2024-11-01T21:28:30.1654384Z,-0.007728048,1.098959,-0.0036496,0.3352475,-0.2407702,0.9108451
2024-11-01T21:28:30.1764412Z,-0.007716786,1.098989,-0.0036601,0.3467757,-0.2423263,0.906104
2024-11-01T21:28:30.1874433Z,-0.007705212,1.09902,-0.003658079,0.3597052,-0.2503832,0.8988439
2024-11-01T21:28:30.1999522Z,-0.007691621,1.099015,-0.003680035,0.3635761,-0.2552313,0.8959182
2024-11-01T21:28:30.2185553Z,-0.007363358,1.099418,-0.003120903,0.3684532,-0.262615,0.8917823
2024-11-01T21:28:30.2243418Z,-0.007363358,1.099418,-0.003120903,0.3745692,-0.2621051,0.8893812
2024-11-01T21:28:30.2314555Z,-0.007358588,1.099395,-0.003109599,0.3747657,-0.2623134,0.8892369
2024-11-01T21:28:30.2434582Z,-0.007350296,1.09936,-0.003103783,0.3807721,-0.2622478,0.886701
2024-11-01T21:28:30.2569411Z,-0.007362214,1.099356,-0.003061255,0.3934931,-0.2627437,0.8809819
2024-11-01T21:28:30.2683377Z,-0.007368625,1.099389,-0.003011713,0.3969445,-0.2626928,0.8794473
2024-11-01T21:28:30.2802687Z,-0.007415036,1.099407,-0.003035432,0.4025375,-0.2616704,0.877207
2024-11-01T21:28:30.2907007Z,-0.007423569,1.099446,-0.003078826,0.4020624,-0.2607313,0.8777044
2024-11-01T21:28:30.3040446Z,-0.007385036,1.099455,-0.003118878,0.407713,-0.2585762,0.8757331
2024-11-01T21:28:30.3125550Z,-0.007340688,1.099445,-0.003149917,0.4100164,-0.2572454,0.8750494
2024-11-01T21:28:30.3230925Z,-0.007289869,1.099422,-0.003168216,0.4151213,-0.2554093,0.8731784
2024-11-01T21:28:30.3344435Z,-0.007269352,1.099382,-0.003150865,0.4189318,-0.2547834,0.8715397
2024-11-01T21:28:30.3470128Z,-0.00729439,1.099364,-0.003086127,0.4256203,-0.248509,0.8701096
2024-11-01T21:28:30.3575321Z,-0.007314695,1.099359,-0.00306629,0.4424318,-0.1972928,0.8748312
2024-11-01T21:28:30.3676614Z,-0.007370425,1.099393,-0.003054373,0.4488435,-0.1579496,0.8795404
2024-11-01T21:28:30.3775271Z,-0.007411636,1.099411,-0.003086621,0.4508125,-0.1141825,0.8852855
2024-11-01T21:28:30.3872666Z,-0.007425216,1.099424,-0.003117405,0.4504373,-0.06904976,0.8901339
2024-11-01T21:28:30.3992696Z,-0.007406415,1.099435,-0.003116746,0.4345402,0.02634981,0.9002669
2024-11-01T21:28:30.4109924Z,-0.007376466,1.099428,-0.003139148,0.4223017,0.07339785,0.9034789
2024-11-01T21:28:30.4294675Z,-0.00737398,1.099403,-0.003107121,0.3905233,0.1585626,0.9068348
2024-11-01T21:28:30.4345547Z,-0.00737398,1.099403,-0.003107121,0.3737203,0.1919609,0.9074602
2024-11-01T21:28:30.4430865Z,-0.007397092,1.099389,-0.003094289,0.3633862,0.1933219,0.91136
2024-11-01T21:28:30.4541708Z,-0.007426604,1.099381,-0.003085099,0.3548123,0.1974571,0.9138485
2024-11-01T21:28:30.4656777Z,-0.007459684,1.099395,-0.003107388,0.3440707,0.2079103,0.9156356
2024-11-01T21:28:30.4763005Z,-0.007483389,1.099383,-0.003141806,0.338112,0.2143073,0.9163802
2024-11-01T21:28:30.4884742Z,-0.0074892,1.099385,-0.003166148,0.3339686,0.2205251,0.9164244
2024-11-01T21:28:30.5001478Z,-0.007463998,1.099392,-0.003209544,0.3257425,0.2298153,0.9171024
2024-11-01T21:28:30.5101434Z,-0.007441876,1.099389,-0.003232036,0.322924,0.2330588,0.9172806
2024-11-01T21:28:30.5202267Z,-0.007401047,1.099393,-0.003242774,0.320868,0.2352353,0.9174465
2024-11-01T21:28:30.5316842Z,-0.007383358,1.099408,-0.003205955,0.3192485,0.2371124,0.9175283
2024-11-01T21:28:30.5442731Z,-0.007370673,1.099424,-0.003197443,0.3177688,0.2393544,0.9174598
2024-11-01T21:28:30.5542755Z,-0.007368435,1.099461,-0.003199112,0.3153569,0.2428368,0.9173769
2024-11-01T21:28:30.5652781Z,-0.007371102,1.099471,-0.003225999,0.314795,0.2441921,0.9172101
2024-11-01T21:28:30.5762804Z,-0.007369312,1.099494,-0.003245804,0.3132249,0.2467513,0.9170627
2024-11-01T21:28:30.5883666Z,-0.007384096,1.099488,-0.00325847,0.3125086,0.2487621,0.9167638
2024-11-01T21:28:30.5985043Z,-0.007397139,1.099469,-0.003245426,0.311065,0.2484334,0.9173437
2024-11-01T21:28:30.6106583Z,-0.007416127,1.099445,-0.003239568,0.3088356,0.2482852,0.9181367
2024-11-01T21:28:30.6210416Z,-0.007444488,1.099423,-0.003234982,0.3087213,0.2480274,0.9182448
2024-11-01T21:28:30.6411861Z,-0.007448978,1.099425,-0.003196161,0.3065505,0.2479673,0.918988
2024-11-01T21:28:30.6451870Z,-0.007448978,1.099425,-0.003196161,0.3057583,0.2476695,0.9193322
2024-11-01T21:28:30.6541891Z,-0.00740685,1.099476,-0.003204307,0.3057336,0.2484536,0.9191288
2024-11-01T21:28:30.6661916Z,-0.007367372,1.099516,-0.003255328,0.3052949,0.2491907,0.9190751
2024-11-01T21:28:30.6761940Z,-0.007363532,1.099519,-0.003300833,0.3050213,0.2492232,0.9191571
2024-11-01T21:28:30.6870513Z,-0.007359358,1.099525,-0.003336323,0.3042753,0.2486759,0.9195525
2024-11-01T21:28:30.6996396Z,-0.007401356,1.099507,-0.003331993,0.3041133,0.2484193,0.9196755
2024-11-01T21:28:30.7108418Z,-0.007419983,1.099503,-0.003333226,0.3032354,0.2476467,0.9201736
2024-11-01T21:28:30.7218543Z,-0.006768832,1.101093,-0.002556272,0.3018971,0.2470054,0.9207858
2024-11-01T21:28:30.7324091Z,-0.006793851,1.10107,-0.002492089,0.3013198,0.2445791,0.9216222
2024-11-01T21:28:30.7433180Z,-0.006813275,1.101078,-0.002469458,0.301506,0.2440319,0.9217064
2024-11-01T21:28:30.7543207Z,-0.006818495,1.101078,-0.002472941,0.3005809,0.2409345,0.9228227
2024-11-01T21:28:30.7648272Z,-0.006844414,1.101123,-0.002460869,0.2868994,0.232647,0.9292815
2024-11-01T21:28:30.7768508Z,-0.00687383,1.101177,-0.002449797,0.2506511,0.2021024,0.9467463
2024-11-01T21:28:30.7876556Z,-0.006900071,1.10118,-0.002463598,0.2502638,0.2023132,0.9468038
2024-11-01T21:28:30.7987067Z,-0.006901857,1.101211,-0.002495132,0.05892729,-0.1046187,0.9927651
2024-11-01T21:28:30.8097678Z,-0.006900233,1.101218,-0.002505777,0.0589175,-0.1045523,0.9927726
2024-11-01T21:28:30.8205612Z,-0.006890126,1.101188,-0.002494605,0.05910495,-0.1049487,0.9927197
2024-11-01T21:28:30.8320897Z,-0.00687128,1.101157,-0.002470747,0.05917509,-0.1059568,0.9926084
2024-11-01T21:28:30.8516570Z,-0.006815524,1.101151,-0.002327079,0.05977629,-0.1076079,0.9923947
2024-11-01T21:28:30.8559292Z,-0.006815524,1.101151,-0.002327079,0.05977629,-0.1076079,0.9923947
2024-11-01T21:28:30.8656445Z,-0.006809413,1.101137,-0.002262898,0.06013782,-0.1080844,0.9923211
2024-11-01T21:28:30.8756291Z,-0.006809159,1.101129,-0.002183432,0.0605653,-0.1084583,0.9922543
2024-11-01T21:28:30.8877050Z,-0.006799689,1.101122,-0.002078732,0.06105617,-0.1087497,0.9921923
2024-11-01T21:28:30.8982329Z,-0.006867551,1.101106,-0.001993271,0.06111709,-0.1093569,0.9921219
2024-11-01T21:28:30.9092356Z,-0.006957102,1.101076,-0.00192084,0.06089069,-0.1100751,0.9920564
2024-11-01T21:28:30.9197425Z,-0.007062541,1.10107,-0.001869254,0.06065506,-0.1104461,0.9920295
2024-11-01T21:28:30.9309325Z,-0.007143308,1.10107,-0.001853606,0.06077397,-0.1107095,0.9919929
2024-11-01T21:28:30.9430459Z,-0.007193182,1.101051,-0.00182794,0.06115602,-0.1111308,0.9919223
2024-11-01T21:28:30.9540485Z,-0.00720618,1.100997,-0.001823774,0.0614767,-0.1116664,0.9918423
2024-11-01T21:28:30.9645553Z,-0.007224849,1.100985,-0.001788221,-0.156103,-0.2365272,0.959003
2024-11-01T21:28:30.9761548Z,-0.007267503,1.100974,-0.001752714,-0.1560599,-0.2365344,0.9590082
2024-11-01T21:28:30.9872407Z,-0.007284713,1.100937,-0.001761612,-0.1568304,-0.2365332,0.9588828
2024-11-01T21:28:30.9983381Z,-0.007306539,1.100975,-0.00174059,-0.1580289,-0.2347222,0.9591311
2024-11-01T21:28:31.0088484Z,-0.007320394,1.101025,-0.001724914,-0.1589233,-0.2331705,0.9593617
2024-11-01T21:28:31.0210407Z,-0.007293333,1.100987,-0.00173449,-0.1595886,-0.2324134,0.959435
2024-11-01T21:28:31.0312743Z,-0.007273507,1.100953,-0.001723601,-0.1589839,-0.2332671,0.9593282
2024-11-01T21:28:31.0427822Z,-0.007254847,1.100941,-0.001663318,-0.158239,-0.2334183,0.9594145
2024-11-01T21:28:31.0623856Z,-0.00718909,1.100871,-0.001380779,-0.1579944,-0.2331705,0.9595152
2024-11-01T21:28:31.0663861Z,-0.00718909,1.100871,-0.001380779,-0.1590221,-0.2317242,0.9596958
2024-11-01T21:28:31.0764371Z,-0.007209753,1.100825,-0.001259184,-0.1597839,-0.2331982,0.9592121
2024-11-01T21:28:31.0869438Z,-0.00725136,1.100799,-0.001135375,-0.160376,-0.2350464,0.958662
2024-11-01T21:28:31.0983638Z,-0.007347644,1.100778,-0.001000959,-0.1600855,-0.236005,0.9584749
2024-11-01T21:28:31.1099230Z,-0.007408751,1.100715,-0.0009307433,-0.1615184,-0.240102,0.9572162
2024-11-01T21:28:31.1199270Z,-0.007421546,1.1006,-0.0009509157,-0.1651283,-0.2553653,0.9526391
2024-11-01T21:28:31.1311450Z,-0.007401469,1.100484,-0.001003945,-0.1739692,-0.2460474,0.9535174
2024-11-01T21:28:31.1426516Z,-0.007409186,1.100432,-0.000990672,0.06232666,-0.1248005,0.9902223
2024-11-01T21:28:31.1536542Z,-0.007400732,1.100353,-0.0009754095,0.06172429,-0.1254225,0.9901814
2024-11-01T21:28:31.1656572Z,-0.007412202,1.100373,-0.0009229034,0.06128878,-0.1256356,0.9901815
2024-11-01T21:28:31.1756598Z,-0.007412406,1.100369,-0.0008580945,0.06139448,-0.1254799,0.9901947
2024-11-01T21:28:31.1866666Z,-0.007415531,1.100283,-0.0008544717,0.06191449,-0.1257871,0.9901233
2024-11-01T21:28:31.1982134Z,-0.007412241,1.100232,-0.0008326918,0.06227975,-0.1259776,0.9900762
2024-11-01T21:28:31.2087202Z,-0.007350887,1.100248,-0.0007610079,0.0631749,-0.1250505,0.990137
2024-11-01T21:28:31.2204435Z,-0.007253425,1.100255,-0.0007316507,0.06451117,-0.1249659,0.9900615
2024-11-01T21:28:31.2308969Z,-0.007208536,1.100208,-0.0007481985,0.06536996,-0.1253235,0.98996
2024-11-01T21:28:31.2424500Z,-0.007157777,1.100175,-0.0007117745,-0.07072319,-0.2440333,0.9671845
2024-11-01T21:28:31.2534767Z,-0.007141756,1.100172,-0.0006343257,-0.06960154,-0.2437748,0.9673311
2024-11-01T21:28:31.2733785Z,-0.007145696,1.100093,-0.0006331056,-0.06827329,-0.2421061,0.9678447
2024-11-01T21:28:31.2783799Z,-0.007145696,1.100093,-0.0006331056,-0.06827329,-0.2421061,0.9678447
2024-11-01T21:28:31.2873007Z,-0.007137202,1.100106,-0.0005983952,-0.06859281,-0.2419267,0.967867
2024-11-01T21:28:31.2983378Z,-0.007168656,1.100135,-0.0005808249,-0.0687438,-0.2411679,0.9680456
2024-11-01T21:28:31.3088435Z,-0.007224155,1.100122,-0.0006541964,-0.06835473,-0.2402355,0.968305
2024-11-01T21:28:31.3203504Z,-0.007266438,1.100115,-0.0007454455,-0.06850766,-0.2389167,0.9686204
2024-11-01T21:28:31.3311586Z,-0.007270113,1.100136,-0.0008052289,-0.06866962,-0.2377128,0.9689051
2024-11-01T21:28:31.3425758Z,-0.007242539,1.10017,-0.0008292254,-0.06870244,-0.2357562,0.9693807
2024-11-01T21:28:31.3537041Z,-0.007196818,1.10016,-0.0008373037,-0.0689911,-0.23417,0.9697446
2024-11-01T21:28:31.3652818Z,-0.007160987,1.100124,-0.000847131,-0.06853462,-0.2322468,0.9702394
2024-11-01T21:28:31.3757889Z,-0.007135518,1.100126,-0.0008714516,-0.06867208,-0.2318001,0.9703364
2024-11-01T21:28:31.3863588Z,-0.007062224,1.100103,-0.0008826815,-0.06787232,-0.2318061,0.9703913
2024-11-01T21:28:31.3978659Z,-0.006981087,1.100054,-0.000935426,-0.06731483,-0.2327993,0.9701924
2024-11-01T21:28:31.4088738Z,-0.00696383,1.100018,-0.0009246599,-0.06636919,-0.2332483,0.9701496
2024-11-01T21:28:31.4208763Z,-0.006939621,1.099999,-0.0008979123,-0.06528355,-0.2334995,0.9701629
2024-11-01T21:28:31.4308789Z,-0.006997105,1.10005,-0.0008893795,-0.06517389,-0.2323547,0.9704451
2024-11-01T21:28:31.4426521Z,-0.007078806,1.100108,-0.0008818861,-0.06479232,-0.2306687,0.9708728
2024-11-01T21:28:31.4536832Z,-0.007194174,1.100168,-0.0008929372,-0.06528585,-0.2290363,0.9712261
2024-11-01T21:28:31.4647589Z,-0.007276023,1.100178,-0.0008558724,-0.06546987,-0.2277262,0.9715217
2024-11-01T21:28:31.4856295Z,-0.007370158,1.10013,-0.0008119047,-0.06545994,-0.2282822,0.9713919
2024-11-01T21:28:31.4896087Z,-0.007370158,1.10013,-0.0008119047,-0.06545994,-0.2282822,0.9713919
2024-11-01T21:28:31.4982317Z,-0.007386397,1.100068,-0.0008245148,-0.06567603,-0.2291254,0.9711788
2024-11-01T21:28:31.5094005Z,-0.007342676,1.100046,-0.0008405223,-0.06590272,-0.2300312,0.9709493
2024-11-01T21:28:31.5200098Z,-0.007311841,1.100116,-0.0009157881,-0.06586457,-0.2285751,0.9712957
2024-11-01T21:28:31.5318910Z,-0.00724373,1.100152,-0.001027692,-0.06511912,-0.2275913,0.9715769
2024-11-01T21:28:31.5426310Z,-0.007154246,1.100177,-0.001116887,-0.06358851,-0.2236841,0.9725852
2024-11-01T21:28:31.5538193Z,-0.007103016,1.100178,-0.001187835,-0.06231395,-0.2195972,0.9735985
2024-11-01T21:28:31.5648110Z,-0.007034756,1.100178,-0.001241408,-0.05987432,-0.1890004,0.9801499
2024-11-01T21:28:31.5756127Z,-0.007023073,1.100155,-0.001253981,-0.06078219,-0.1894049,0.980016
2024-11-01T21:28:31.5871815Z,-0.007033968,1.100151,-0.001253374,-0.05498795,-0.1199798,0.9912523
2024-11-01T21:28:31.5980930Z,-0.007037411,1.100205,-0.001229944,-0.05090039,-0.08241822,0.9952971
2024-11-01T21:28:31.6088063Z,-0.007031541,1.100244,-0.001233118,-0.04919237,-0.06853443,0.9964352
2024-11-01T21:28:31.6203615Z,-0.007022123,1.100273,-0.001315363,-0.04742108,-0.05623479,0.9972908
2024-11-01T21:28:31.6318714Z,-0.00700734,1.100328,-0.00143558,-0.04567639,-0.04650116,0.9978734
2024-11-01T21:28:31.6429029Z,-0.007036438,1.100368,-0.001489261,-0.04433471,-0.02630795,0.9986703
2024-11-01T21:28:31.6536225Z,-0.007129694,1.100393,-0.001500629,-0.04361276,-0.01896068,0.9988686
2024-11-01T21:28:31.6643430Z,-0.007193531,1.100409,-0.001536179,-0.04319043,-0.01254695,0.9989881
2024-11-01T21:28:31.6758493Z,-0.007273635,1.100371,-0.001582803,-0.04219199,-0.002195747,0.9991071
2024-11-01T21:28:31.6965489Z,-0.007318829,1.100344,-0.001647182,-0.04340873,0.004059536,0.9990491
2024-11-01T21:28:31.7006890Z,-0.007318829,1.100344,-0.001647182,-0.04340873,0.004059536,0.9990491
2024-11-01T21:28:31.7091954Z,-0.008384038,1.100383,-0.002006704,-0.04356752,0.007500913,0.9990223
2024-11-01T21:28:31.7198278Z,-0.008382837,1.100463,-0.00204316,-0.04353395,0.0144455,0.9989475
2024-11-01T21:28:31.7313348Z,-0.008334687,1.100543,-0.002073649,-0.04267336,0.01947878,0.9988992
2024-11-01T21:28:31.7424081Z,-0.008294506,1.100542,-0.002060888,-0.04177787,0.02261833,0.9988708
2024-11-01T21:28:31.7535025Z,-0.008233724,1.10057,-0.002056634,-0.04065309,0.02438852,0.9988756
2024-11-01T21:28:31.7646400Z,-0.008190185,1.100577,-0.002022611,-0.0396984,0.02030135,0.9990054
2024-11-01T21:28:31.7761471Z,-0.008182138,1.1006,-0.001929492,-0.04236155,0.01904222,0.9989209
2024-11-01T21:28:31.7871976Z,-0.00819974,1.100675,-0.001764735,-0.04419086,0.02111122,0.9988
2024-11-01T21:28:31.7983842Z,-0.008241125,1.100707,-0.001668157,-0.04573992,0.05408629,0.9974881
2024-11-01T21:28:31.8091378Z,-0.008283215,1.100681,-0.001615992,-0.0455953,0.0537894,0.9975108
2024-11-01T21:28:31.8206493Z,-0.008344452,1.100707,-0.00149926,-0.0445815,0.07914718,0.9958656
2024-11-01T21:28:31.8316791Z,-0.008493011,1.100694,-0.001343578,-0.04527363,0.09387852,0.9945537
2024-11-01T21:28:31.8422295Z,-0.008588137,1.100627,-0.001303472,-0.04301915,0.1106881,0.9929237
2024-11-01T21:28:31.8533915Z,-0.008529807,1.100613,-0.001194427,-0.04173614,0.1163033,0.9923365
2024-11-01T21:28:31.8645315Z,-0.008461887,1.100607,-0.001100341,-0.04094698,0.120477,0.9918713
2024-11-01T21:28:31.8760029Z,-0.008396429,1.100579,-0.001086285,-0.0407207,0.1231353,0.9915541
2024-11-01T21:28:31.8955138Z,-0.008241165,1.100484,-0.00101117,-0.0410902,0.1324594,0.9903364
2024-11-01T21:28:31.9007889Z,-0.008241165,1.100484,-0.00101117,-0.04113835,0.1363812,0.9898019
2024-11-01T21:28:31.9092943Z,-0.008164639,1.100436,-0.0009993482,-0.04053127,0.1380016,0.9896023
2024-11-01T21:28:31.9208918Z,-0.008184748,1.100403,-0.0009859689,-0.0400175,0.1409211,0.9892117
2024-11-01T21:28:31.9308940Z,-0.008214516,1.100422,-0.000982251,-0.03968299,0.1438806,0.9887991
2024-11-01T21:28:31.9424576Z,-0.008253179,1.100431,-0.0009581503,-0.03892902,0.149235,0.9880351
2024-11-01T21:28:31.9534537Z,-0.008322321,1.100484,-0.0008825008,-0.03910545,0.1508081,0.9877893
2024-11-01T21:28:31.9654820Z,-0.008390363,1.100478,-0.0008848142,-0.03848893,0.1574928,0.9867698
2024-11-01T21:28:31.9765067Z,-0.008454458,1.100471,-0.0008985233,-0.03798545,0.1578101,0.9867386
2024-11-01T21:28:31.9875461Z,-0.008497898,1.100517,-0.0009163935,-0.03785592,0.161142,0.9862049
2024-11-01T21:28:31.9976727Z,-0.008544447,1.100547,-0.0009185839,-0.03754851,0.1626735,0.9859653
2024-11-01T21:28:32.0098518Z,-0.008563899,1.100508,-0.0009215679,-0.03832057,0.1638609,0.9857389
2024-11-01T21:28:32.0216696Z,-0.008591386,1.100498,-0.0008662865,-0.03915423,0.1656812,0.9854018
2024-11-01T21:28:32.0318624Z,-0.008562,1.100462,-0.0008619931,-0.03995749,0.1658623,0.9853391
2024-11-01T21:28:32.0428736Z,-0.008532628,1.100399,-0.0008943193,-0.04016407,0.1667789,0.985176
2024-11-01T21:28:32.0535591Z,-0.008434518,1.10035,-0.0008842871,-0.04045945,0.1660725,0.9852832
2024-11-01T21:28:32.0644715Z,-0.00834133,1.100371,-0.0008437242,-0.04033732,0.1663973,0.9852334
2024-11-01T21:28:32.0759784Z,-0.008196525,1.100387,-0.0008833185,-0.03972678,0.1675262,0.9850669
2024-11-01T21:28:32.0870674Z,-0.008076052,1.100392,-0.0009285286,-0.03930082,0.1684515,0.9849262
2024-11-01T21:28:32.1075554Z,-0.007984031,1.100366,-0.0009773988,-0.03857158,0.1688069,0.9848942
2024-11-01T21:28:32.1115563Z,-0.007984031,1.100366,-0.0009773988,-0.03857158,0.1688069,0.9848942
2024-11-01T21:28:32.1208784Z,-0.007970548,1.100297,-0.001073489,-0.03790304,0.1680654,0.9850469
2024-11-01T21:28:32.1319176Z,-0.008010793,1.100234,-0.001086524,-0.03775198,0.1672431,0.9851927
2024-11-01T21:28:32.1434943Z,-0.00806809,1.100235,-0.001085702,-0.03725196,0.1668008,0.9852867
2024-11-01T21:28:32.1543166Z,-0.0081353,1.100225,-0.001114653,-0.0373232,0.1674855,0.9851678
2024-11-01T21:28:32.1663843Z,-0.008225106,1.10024,-0.001137882,-0.03646525,0.1691437,0.9849166
2024-11-01T21:28:32.1758906Z,-0.008274514,1.1003,-0.001148529,-0.03607806,0.1695954,0.9848532
2024-11-01T21:28:32.1878934Z,-0.008328815,1.100261,-0.001240885,-0.03514277,0.1670631,0.9853197
2024-11-01T21:28:32.1983720Z,-0.008350659,1.100291,-0.001239674,-0.03435771,0.166063,0.9855164
2024-11-01T21:28:32.2097139Z,-0.008384015,1.100295,-0.001275551,-0.06763397,0.1131536,0.9912729
2024-11-01T21:28:32.2212216Z,-0.00846827,1.100225,-0.001382384,0.05695074,-0.1249809,0.9905233
2024-11-01T21:28:32.2319033Z,-0.008510927,1.100189,-0.001443973,0.05735493,-0.1242016,0.990598
2024-11-01T21:28:32.2434171Z,-0.008541031,1.100202,-0.001435662,0.05796512,-0.1232512,0.9906812
2024-11-01T21:28:32.2542068Z,-0.008597916,1.100189,-0.001491368,0.05854296,-0.1223236,0.9907622
2024-11-01T21:28:32.2653356Z,-0.008663805,1.100214,-0.001550384,0.0590423,-0.1211646,0.9908749
2024-11-01T21:28:32.2773527Z,-0.008724217,1.100254,-0.001593677,0.05954225,-0.1198929,0.9909997
2024-11-01T21:28:32.2882875Z,-0.008793501,1.100258,-0.001610136,0.05906739,-0.1188806,0.9911501
2024-11-01T21:28:32.3068215Z,-0.008926949,1.100289,-0.00157897,-0.04716561,0.1943814,0.9797915
2024-11-01T21:28:32.3123262Z,-0.008926949,1.100289,-0.00157897,-0.04716561,0.1943814,0.9797915
2024-11-01T21:28:32.3209777Z,-0.008834055,1.100326,-0.001557516,-0.04670187,0.194155,0.9798585
2024-11-01T21:28:32.3313600Z,-0.008752851,1.100318,-0.001565844,-0.04531946,0.1918351,0.9803802
2024-11-01T21:28:32.3438802Z,-0.008671561,1.100306,-0.001615699,-0.04405332,0.1897589,0.9808419
2024-11-01T21:28:32.3554601Z,-0.008582685,1.100279,-0.001710489,-0.04270501,0.1839657,0.9820045
2024-11-01T21:28:32.3673462Z,-0.008554725,1.100317,-0.001755735,-0.04152288,0.1801334,0.9827654
2024-11-01T21:28:32.3768644Z,-0.008537129,1.100281,-0.001819799,-0.04252004,0.1797217,0.9827981
2024-11-01T21:28:32.3878434Z,-0.008561506,1.100315,-0.001887355,-0.04659533,0.1798972,0.9825813
2024-11-01T21:28:32.3987602Z,-0.008577593,1.100339,-0.002004113,-0.04788662,0.1791146,0.9826621
2024-11-01T21:28:32.4101394Z,-0.008570364,1.100331,-0.002082018,-0.04820114,0.1761629,0.9831802
2024-11-01T21:28:32.4228815Z,-0.00855456,1.100323,-0.002114877,-0.04873629,0.1750322,0.9833557
2024-11-01T21:28:32.4323556Z,-0.00853864,1.100317,-0.002153639,-0.04948334,0.1722107,0.9838165
2024-11-01T21:28:32.4443837Z,-0.008493813,1.10032,-0.00213979,-0.04967313,0.1707082,0.9840688
2024-11-01T21:28:32.4542090Z,-0.008460838,1.100313,-0.002135931,-0.04979632,0.1698257,0.9842152
2024-11-01T21:28:32.4656937Z,-0.008381598,1.100337,-0.002159471,-0.04993654,0.1680138,0.984519
2024-11-01T21:28:32.4775254Z,-0.008348996,1.100399,-0.002108485,-0.0486309,0.168386,0.9845208
2024-11-01T21:28:32.4890800Z,-0.008300055,1.100433,-0.00210003,-0.04801219,0.1681345,0.9845942
2024-11-01T21:28:32.5068189Z,-0.008321414,1.100475,-0.002186822,-0.04765576,0.1665636,0.9848784
2024-11-01T21:28:32.5121747Z,-0.008321414,1.100475,-0.002186822,-0.04765576,0.1665636,0.9848784
2024-11-01T21:28:32.5213760Z,-0.008382744,1.100451,-0.002236705,-0.04737959,0.1658821,0.9850067
2024-11-01T21:28:32.5319280Z,-0.00846674,1.100399,-0.002301786,-0.04775665,0.1649833,0.9851395
2024-11-01T21:28:32.5436182Z,-0.008554009,1.100381,-0.002337173,-0.04813012,0.1641443,0.9852614
2024-11-01T21:28:32.5540190Z,-0.008668215,1.100406,-0.002299106,-0.04950052,0.1640733,0.9852054
2024-11-01T21:28:32.5650296Z,-0.008764949,1.100419,-0.002277102,-0.04988835,0.1638379,0.985225
2024-11-01T21:28:32.5769517Z,-0.008788047,1.10046,-0.002256334,-0.0505827,0.1645207,0.9850758
2024-11-01T21:28:32.5879123Z,-0.008793886,1.100557,-0.002233354,-0.05140964,0.1664192,0.984714
2024-11-01T21:28:32.6009604Z,-0.008792554,1.100626,-0.002232099,-0.05183037,0.1687797,0.9842901
2024-11-01T21:28:32.6106042Z,-0.008875569,1.100601,-0.002266489,-0.05020764,0.1707681,0.9840312
2024-11-01T21:28:32.6225181Z,-0.008803481,1.100511,-0.002272421,-0.0486328,0.1702513,0.9841998
2024-11-01T21:28:32.6341360Z,-0.008684479,1.100538,-0.002252394,-0.04523764,0.169934,0.9844166
2024-11-01T21:28:32.6451543Z,-0.008626301,1.100581,-0.002102921,-0.04163537,0.1716612,0.9842758
2024-11-01T21:28:32.6557228Z,-0.008625467,1.100557,-0.00195143,-0.03766191,0.1741516,0.9839984
2024-11-01T21:28:32.6664170Z,-0.008645372,1.100537,-0.00189369,-0.03557151,0.1774203,0.9834921
2024-11-01T21:28:32.6772641Z,-0.008660676,1.10053,-0.001809202,-0.03429978,0.1790213,0.9832471
2024-11-01T21:28:32.6880844Z,-0.008721421,1.100535,-0.001680691,-0.03493801,0.1783994,0.9833377
2024-11-01T21:28:32.6980215Z,-0.008764165,1.100606,-0.001691302,-0.03507878,0.1807736,0.982899
2024-11-01T21:28:32.7182159Z,-0.008626763,1.100452,-0.001736911,-0.03832879,0.1869875,0.9816143
2024-11-01T21:28:32.7256227Z,-0.008626763,1.100452,-0.001736911,-0.03832879,0.1869875,0.9816143
2024-11-01T21:28:32.7351686Z,-0.008608724,1.10047,-0.001703812,-0.03750316,0.1882278,0.9814091
2024-11-01T21:28:32.7464244Z,-0.008607334,1.10046,-0.001654711,-0.03655374,0.1893083,0.9812371
2024-11-01T21:28:32.7576893Z,-0.008617705,1.100433,-0.001597328,-0.03519106,0.1907239,0.9810128
2024-11-01T21:28:32.7677488Z,-0.00855696,1.100398,-0.00151615,-0.03437434,0.1906016,0.9810655
2024-11-01T21:28:32.7793010Z,-0.008537146,1.100403,-0.001470417,-0.03328399,0.1923835,0.9807552
2024-11-01T21:28:32.7901020Z,-0.00848561,1.100417,-0.001421276,-0.03271932,0.1927826,0.9806958
2024-11-01T21:28:32.8024124Z,-0.008420517,1.100441,-0.001374071,-0.03159074,0.1936199,0.9805679
2024-11-01T21:28:32.8132419Z,-0.008374463,1.100457,-0.001379611,-0.03114581,0.1942874,0.98045
2024-11-01T21:28:32.8248772Z,-0.008300129,1.100445,-0.001374258,-0.03046214,0.194684,0.9803929
2024-11-01T21:28:32.8349695Z,-0.008282714,1.100441,-0.00136839,-0.02963507,0.1947649,0.9804022
2024-11-01T21:28:32.8464906Z,-0.008285407,1.10045,-0.001375351,-0.02895306,0.1958206,0.9802122
2024-11-01T21:28:32.8571931Z,-0.008298532,1.100466,-0.001390193,-0.02931388,0.1964778,0.98007
2024-11-01T21:28:32.8682926Z,-0.00833213,1.100477,-0.001428673,-0.02980205,0.19715,0.9799203
2024-11-01T21:28:32.8803168Z,-0.008346616,1.100497,-0.001454066,-0.03044198,0.1971586,0.9798989
2024-11-01T21:28:32.8908345Z,-0.00833529,1.100505,-0.00146234,-0.03046563,0.1985357,0.97962
2024-11-01T21:28:32.9024139Z,-0.008287282,1.100511,-0.00144943,-0.02990497,0.1998618,0.9793676
2024-11-01T21:28:32.9194274Z,-0.008251213,1.10049,-0.001422731,-0.02915249,0.2016,0.979034
2024-11-01T21:28:32.9269240Z,-0.008251213,1.10049,-0.001422731,-0.02899515,0.2019298,0.9789707
2024-11-01T21:28:32.9354430Z,-0.008269723,1.10048,-0.001416048,-0.02911449,0.2024103,0.9788679
2024-11-01T21:28:32.9469622Z,-0.008281768,1.100474,-0.001411753,-0.029085,0.2032138,0.9787023
2024-11-01T21:28:32.9579752Z,-0.008315868,1.100462,-0.001412941,-0.02919883,0.2036908,0.9785997
2024-11-01T21:28:32.9684997Z,-0.008326875,1.100454,-0.001435304,-0.02929757,0.2042688,0.9784763
2024-11-01T21:28:32.9796692Z,-0.008319992,1.100439,-0.001480924,-0.02921479,0.2047957,0.9783686
2024-11-01T21:28:32.9903042Z,-0.008270625,1.10042,-0.001509825,-0.0286938,0.205719,0.9781904
2024-11-01T21:28:33.0022127Z,-0.008268315,1.100422,-0.001516243,-0.02819693,0.2063946,0.9780625
2024-11-01T21:28:33.0139292Z,-0.008293319,1.10041,-0.001526786,-0.02821282,0.2073183,0.9778666
2024-11-01T21:28:33.0245368Z,-0.008340933,1.10041,-0.001515755,-0.02808003,0.207665,0.9777969
2024-11-01T21:28:33.0347684Z,-0.008398027,1.100406,-0.001518542,-0.02798988,0.2081213,0.9777024
2024-11-01T21:28:33.0461465Z,-0.008448323,1.100389,-0.001515772,-0.02826194,0.2082409,0.9776692
2024-11-01T21:28:33.0569272Z,-0.008471202,1.10039,-0.001524288,-0.0285288,0.2084631,0.977614
2024-11-01T21:28:33.0689805Z,-0.008460983,1.100393,-0.001541993,-0.02854419,0.2084294,0.9776208
2024-11-01T21:28:33.0803640Z,-0.008430208,1.100394,-0.001535211,-0.02800558,0.2080829,0.9777102
2024-11-01T21:28:33.0896855Z,-0.008398526,1.100401,-0.001538089,-0.02744189,0.2081798,0.9777055
2024-11-01T21:28:33.1022811Z,-0.008369905,1.100418,-0.00156582,-0.02709416,0.208571,0.9776319
2024-11-01T21:28:33.1124605Z,-0.008357424,1.100438,-0.001584122,-0.02660854,0.2086234,0.977634
2024-11-01T21:28:33.1309843Z,-0.008366177,1.100445,-0.001651909,-0.02623003,0.2091813,0.9775251
2024-11-01T21:28:33.1387591Z,-0.008387239,1.100452,-0.001704551,-0.0258766,0.2093976,0.9774881
2024-11-01T21:28:33.1467745Z,-0.008387239,1.100452,-0.001704551,-0.02579254,0.2092846,0.9775146
2024-11-01T21:28:33.1576329Z,-0.008413515,1.100475,-0.001746396,-0.02578524,0.2095925,0.9774488
2024-11-01T21:28:33.1692341Z,-0.008436916,1.100504,-0.001820438,-0.02615198,0.2105781,0.9772272
2024-11-01T21:28:33.1792660Z,-0.008450275,1.100517,-0.001870083,-0.02648731,0.2104969,0.9772356
2024-11-01T21:28:33.1900961Z,-0.009395457,1.101551,-0.001566255,-0.02684903,0.2107735,0.9771661
2024-11-01T21:28:33.2014330Z,-0.009399663,1.101571,-0.001609264,-0.02704259,0.2109958,0.9771128
2024-11-01T21:28:33.2132263Z,-0.009401618,1.101558,-0.001642285,-0.02723962,0.2108802,0.9771323
2024-11-01T21:28:33.2252515Z,-0.009383131,1.101561,-0.001665561,-0.02723421,0.21066,0.9771799
2024-11-01T21:28:33.2353422Z,-0.009364106,1.101574,-0.001691701,-0.02736748,0.2107267,0.9771618
2024-11-01T21:28:33.2466956Z,-0.00934317,1.101577,-0.00172098,-0.02733921,0.2112425,0.9770513
2024-11-01T21:28:33.2566744Z,-0.009334705,1.101591,-0.001746215,-0.02695694,0.2110286,0.9771081
2024-11-01T21:28:33.2681083Z,-0.009332441,1.101608,-0.001773123,-0.02664342,0.2104666,0.9772379
2024-11-01T21:28:33.2798415Z,-0.009338901,1.101625,-0.001804037,-0.02702545,0.210409,0.9772398
2024-11-01T21:28:33.2909000Z,-0.0093365,1.101627,-0.001829457,-0.02728803,0.2103457,0.9772462
2024-11-01T21:28:33.3012701Z,-0.009326706,1.10163,-0.001846552,-0.02701813,0.2099037,0.9773487
2024-11-01T21:28:33.3131826Z,-0.009291969,1.101624,-0.001865283,-0.02736172,0.2098982,0.9773403
2024-11-01T21:28:33.3236946Z,-0.009237274,1.101622,-0.001889648,-0.02764115,0.2100222,0.9773058
2024-11-01T21:28:33.3428187Z,-0.009159544,1.101587,-0.00187654,-0.02638688,0.2086879,0.9776263
2024-11-01T21:28:33.3498283Z,-0.009159544,1.101587,-0.00187654,-0.02613401,0.2083437,0.9777065
2024-11-01T21:28:33.3578191Z,-0.009160946,1.101583,-0.00187196,-0.02583225,0.2079175,0.9778052
2024-11-01T21:28:33.3688318Z,-0.009168846,1.101598,-0.00189101,-0.02533748,0.2074191,0.977924
2024-11-01T21:28:33.3793412Z,-0.009202955,1.101647,-0.001907289,-0.02550742,0.2075518,0.9778914
2024-11-01T21:28:33.3925532Z,-0.009241808,1.101705,-0.001901329,-0.02571068,0.207717,0.977851
2024-11-01T21:28:33.4006599Z,-0.009300302,1.101745,-0.00188544,-0.02637762,0.2072863,0.9779246
2024-11-01T21:28:33.4112672Z,-0.009329808,1.101738,-0.001883514,-0.02667905,0.2068322,0.9780126
2024-11-01T21:28:33.4212805Z,-0.009348122,1.1017,-0.001867792,-0.02650734,0.2061274,0.978166
2024-11-01T21:28:33.4348766Z,-0.009352989,1.10166,-0.001850266,-0.02631904,0.2048756,0.9784341
2024-11-01T21:28:33.4654124Z,-0.009335158,1.101625,-0.00182824,-0.02570455,0.2047624,0.9784741
2024-11-01T21:28:33.4724284Z,-0.009260453,1.101672,-0.001941299,-0.02864576,0.1727416,0.9845505
2024-11-01T21:28:33.4784396Z,-0.009270321,1.101694,-0.001924362,-0.05562882,0.1450686,0.9878566
2024-11-01T21:28:33.4889604Z,-0.009272601,1.101706,-0.001937354,-0.07340048,0.1266635,0.9892263
2024-11-01T21:28:33.4970207Z,-0.00928933,1.101722,-0.001959408,0.06157495,-0.1036491,0.9927061
2024-11-01T21:28:33.5095869Z,-0.009318889,1.101727,-0.001971407,0.06171535,-0.1031877,0.9927455
2024-11-01T21:28:33.5451282Z,-0.009406996,1.101667,-0.001959786,0.06117607,-0.1032506,0.9927723
2024-11-01T21:28:33.5657167Z,-0.00941942,1.101652,-0.001945093,-0.04277531,0.1434744,0.9887292
2024-11-01T21:28:33.5722075Z,-0.009411096,1.101623,-0.001901038,-0.04350384,0.1420457,0.9889036
2024-11-01T21:28:33.5792765Z,-0.009373015,1.101637,-0.00187066,-0.04354789,0.1408783,0.9890687
2024-11-01T21:28:33.5923283Z,-0.009331771,1.101668,-0.001870174,-0.04350276,0.1404347,0.9891338
2024-11-01T21:28:33.5998821Z,-0.009302583,1.101692,-0.001897328,-0.04321869,0.1406568,0.9891146
2024-11-01T21:28:33.6113967Z,-0.009290607,1.101718,-0.001917217,-0.04319135,0.1408205,0.9890926
2024-11-01T21:28:33.6225052Z,-0.009289987,1.101755,-0.001925055,-0.04353598,0.1416657,0.9889567
2024-11-01T21:28:33.6330542Z,-0.009319253,1.101778,-0.001927437,-0.04414896,0.1423083,0.9888373
2024-11-01T21:28:33.6435730Z,-0.009366056,1.101792,-0.001922544,-0.04462109,0.1422839,0.9888196
2024-11-01T21:28:33.6545755Z,-0.00948096,1.101785,-0.001908977,-0.04617712,0.1417844,0.98882
2024-11-01T21:28:33.6666181Z,-0.009496977,1.101787,-0.001934862,-0.04668846,0.1415949,0.9888231
2024-11-01T21:28:33.6766325Z,-0.009488431,1.101802,-0.001960827,-0.04761276,0.1414359,0.9888018
2024-11-01T21:28:33.6875834Z,-0.009544402,1.101747,-0.001815718,-0.04799958,0.1411842,0.988819
2024-11-01T21:28:33.7006423Z,-0.009528806,1.101767,-0.001840267,-0.04875806,0.1421756,0.9886398
2024-11-01T21:28:33.7106598Z,-0.009474013,1.101792,-0.001883697,-0.04857995,0.1425235,0.9885985
2024-11-01T21:28:33.7221812Z,-0.009458502,1.101814,-0.001892682,-0.0484808,0.1425188,0.9886041
2024-11-01T21:28:33.7326278Z,-0.009428007,1.101844,-0.001914974,-0.04873288,0.1423877,0.9886106
2024-11-01T21:28:33.7437161Z,-0.009421314,1.101851,-0.001922769,-0.04912251,0.1423334,0.9885991
2024-11-01T21:28:33.7572368Z,-0.009437812,1.101878,-0.001935175,-0.04920332,0.1423636,0.9885907
2024-11-01T21:28:33.7667788Z,-0.009467823,1.101901,-0.001956938,-0.04956542,0.1423508,0.9885745
2024-11-01T21:28:33.7777942Z,-0.009502624,1.10191,-0.001950584,-0.04998582,0.1421233,0.9885861
2024-11-01T21:28:33.7898326Z,-0.009522656,1.10192,-0.001945177,-0.05082547,0.1417986,0.9885899
2024-11-01T21:28:33.8003645Z,-0.009533056,1.101915,-0.001947122,-0.05125295,0.1413651,0.9886299
2024-11-01T21:28:33.8108919Z,-0.009529913,1.101908,-0.001941068,-0.05143686,0.140608,0.9887283
2024-11-01T21:28:33.8227848Z,-0.009500755,1.101905,-0.00191866,-0.05097365,0.1396892,0.9888825
2024-11-01T21:28:33.8332328Z,-0.00945006,1.101923,-0.001910571,-0.05042607,0.1390729,0.9889975
2024-11-01T21:28:33.8432361Z,-0.009450177,1.101947,-0.001901558,-0.05041967,0.1384109,0.9890906
2024-11-01T21:28:33.8547526Z,-0.009448795,1.101984,-0.001895931,-0.05040275,0.1391416,0.988989
2024-11-01T21:28:33.8658490Z,-0.009520531,1.102031,-0.00189505,-0.05070899,0.1401791,0.9888268
2024-11-01T21:28:33.8763592Z,-0.009566201,1.102054,-0.001903269,-0.05126908,0.1403022,0.9887804
2024-11-01T21:28:33.8881028Z,-0.00967255,1.102085,-0.001904106,-0.05302793,0.1443943,0.9880983
2024-11-01T21:28:33.8996320Z,-0.009748405,1.102058,-0.001893353,-0.05375849,0.146681,0.987722
2024-11-01T21:28:33.9101410Z,-0.009797528,1.102033,-0.001886262,-0.05429593,0.148522,0.9874174
2024-11-01T21:28:33.9226475Z,-0.009799803,1.101959,-0.00188053,-0.0541192,0.1503337,0.9871529
2024-11-01T21:28:33.9334675Z,-0.009776868,1.101937,-0.00186969,-0.05357261,0.1507569,0.9871182
2024-11-01T21:28:33.9441915Z,-0.009792161,1.10196,-0.001857348,-0.05323992,0.1518414,0.9869699
2024-11-01T21:28:33.9589554Z,-0.009776889,1.101973,-0.001844838,-0.05376586,0.1554515,0.9863793
2024-11-01T21:28:33.9672217Z,-0.009799908,1.101999,-0.001871152,-0.05470101,0.1580347,0.9859173
2024-11-01T21:28:33.9787340Z,-0.009798965,1.102045,-0.001912503,-0.05642172,0.1625672,0.985083
2024-11-01T21:28:33.9888399Z,-0.009816005,1.102081,-0.001947835,-0.0565221,0.1633191,0.9849529
2024-11-01T21:28:34.0000578Z,-0.009843645,1.102086,-0.001962259,-0.05660359,0.1650727,0.9846558
2024-11-01T21:28:34.0110098Z,-0.009865033,1.102046,-0.001974808,-0.05625275,0.1660049,0.9845192
2024-11-01T21:28:34.0210358Z,-0.009867483,1.102014,-0.001980858,-0.05590432,0.167242,0.9843296
2024-11-01T21:28:34.0332072Z,-0.00986733,1.101993,-0.001946453,-0.05553662,0.1673395,0.9843339
2024-11-01T21:28:34.0437252Z,-0.009861658,1.101984,-0.001925917,-0.05499899,0.1676155,0.9843171
2024-11-01T21:28:34.0545783Z,-0.009841716,1.101999,-0.001943601,-0.05489641,0.1678822,0.9842774
2024-11-01T21:28:34.0655951Z,-0.00982462,1.102032,-0.001944073,-0.05436448,0.1688384,0.9841433
2024-11-01T21:28:34.0764432Z,-0.009821178,1.102056,-0.001937961,-0.05377243,0.1703506,0.9839153
2024-11-01T21:28:34.0883909Z,-0.009851005,1.102066,-0.001926193,-0.05379583,0.1706953,0.9838542
2024-11-01T21:28:34.1010763Z,-0.009887076,1.102082,-0.001910754,-0.05372562,0.1713301,0.9837477
2024-11-01T21:28:34.1124468Z,-0.009913538,1.102074,-0.001912396,-0.05389708,0.1714706,0.9837139
2024-11-01T21:28:34.1444781Z,-0.009977053,1.102003,-0.001957972,-0.05338681,0.1720679,0.9836374
2024-11-01T21:28:34.1520124Z,-0.009958534,1.102024,-0.001883676,-0.05303602,0.1714658,0.9837615
2024-11-01T21:28:34.1705415Z,-0.009959514,1.102031,-0.001880061,-0.05298037,0.171888,0.9836908
2024-11-01T21:28:34.1900747Z,-0.01006494,1.101611,-0.001971519,-0.05288555,0.1729304,0.9835132
2024-11-01T21:28:34.2041215Z,-0.01001725,1.101694,-0.002002954,-0.05277745,0.1738218,0.9833618
2024-11-01T21:28:34.2141194Z,-0.01001022,1.101716,-0.002020646,-0.05306178,0.1744777,0.9832304
2024-11-01T21:28:34.2347705Z,-0.009985468,1.101728,-0.002037043,-0.05343474,0.1748007,0.9831528
2024-11-01T21:28:34.2427818Z,-0.01002438,1.101668,-0.00202371,-0.05383099,0.1744598,0.9831917
2024-11-01T21:28:34.2543036Z,-0.009984647,1.101659,-0.002033042,-0.05376622,0.1745679,0.9831761
2024-11-01T21:28:34.2719105Z,-0.00998619,1.101644,-0.002048239,-0.05382599,0.1744404,0.9831955
2024-11-01T21:28:34.2853173Z,-0.009950386,1.101685,-0.002098588,-0.05337422,0.1757344,0.9829897
2024-11-01T21:28:34.3044303Z,-0.009950386,1.101685,-0.002098588,-0.05292052,0.1761783,0.9829347
2024-11-01T21:28:34.3119409Z,-0.009925215,1.10174,-0.002104102,-0.05329521,0.1781475,0.9825594
2024-11-01T21:28:34.3188174Z,-0.009894494,1.101759,-0.002119044,-0.05321012,0.1787341,0.9824575
2024-11-01T21:28:34.3246138Z,-0.009878457,1.101754,-0.002131969,-0.05350481,0.1788675,0.9824172
2024-11-01T21:28:34.3331198Z,-0.009880465,1.101732,-0.002126329,-0.05326318,0.1789037,0.9824238
2024-11-01T21:28:34.3441224Z,-0.009883554,1.101699,-0.002118157,-0.05295705,0.1789683,0.9824286
2024-11-01T21:28:34.3550914Z,-0.009937693,1.101636,-0.002123658,-0.0437649,0.1304,0.9904951
2024-11-01T21:28:34.3694961Z,-0.009983508,1.101608,-0.002109971,0.06164116,-0.1002603,0.99305
2024-11-01T21:28:34.3784982Z,-0.01001339,1.101609,-0.002109729,0.06132595,-0.1003842,0.993057
2024-11-01T21:28:34.3910162Z,-0.01003107,1.101618,-0.002116289,0.06094904,-0.1003898,0.9930796
2024-11-01T21:28:34.4010363Z,-0.01003384,1.101627,-0.002116544,0.06059474,-0.1001894,0.9931215
2024-11-01T21:28:34.4125456Z,-0.009996745,1.101637,-0.002112621,0.06053223,-0.1000795,0.9931364
2024-11-01T21:28:34.4242731Z,-0.009944731,1.101629,-0.002134617,0.06096832,-0.0998206,0.9931358
2024-11-01T21:28:34.4342639Z,-0.009898439,1.101607,-0.002153521,0.06135827,-0.09982916,0.9931109
2024-11-01T21:28:34.4463099Z,-0.009868585,1.101622,-0.002146646,0.06179065,-0.09980988,0.993086
2024-11-01T21:28:34.4553469Z,-0.009854158,1.101621,-0.002137767,0.06198258,-0.09990761,0.9930643
2024-11-01T21:28:34.4673846Z,-0.009873207,1.1016,-0.002140038,0.06205545,-0.0999641,0.993054
2024-11-01T21:28:34.4804521Z,-0.009901191,1.101605,-0.002143068,0.06214892,-0.1000417,0.9930404
2024-11-01T21:28:34.4919882Z,-0.009921052,1.101618,-0.002119774,0.06181671,-0.09991793,0.9930736
2024-11-01T21:28:34.5019891Z,-0.009943467,1.101635,-0.002116747,0.06158953,-0.09977277,0.9931023
2024-11-01T21:28:34.5125753Z,-0.009964352,1.101654,-0.002105651,-0.008481853,0.1062785,0.9943002
2024-11-01T21:28:34.5237162Z,-0.009971291,1.101662,-0.002101569,-0.008875629,0.1046526,0.9944692
2024-11-01T21:28:34.5337313Z,-0.009980594,1.101676,-0.002122262,-0.009042477,0.1038545,0.9945514
2024-11-01T21:28:34.5435911Z,-0.009986117,1.101675,-0.002139684,-0.009228596,0.1020867,0.9947327
2024-11-01T21:28:34.5544489Z,-0.009966393,1.101664,-0.002140533,-0.008703158,0.1014322,0.9948044
2024-11-01T21:28:34.5659551Z,-0.009935401,1.101652,-0.002136642,-0.008125655,0.1008779,0.9948657
2024-11-01T21:28:34.5784883Z,-0.009870622,1.10168,-0.002139622,-0.007825391,0.1003655,0.9949198
2024-11-01T21:28:34.5879962Z,-0.009882486,1.101675,-0.002142157,-0.008321225,0.1001866,0.9949338
2024-11-01T21:28:34.5997378Z,-0.009911359,1.101679,-0.002135467,-0.008249827,0.1001111,0.9949421
2024-11-01T21:28:34.6098512Z,-0.009934908,1.101692,-0.002119768,-0.008435348,0.09990493,0.9949612
2024-11-01T21:28:34.6208622Z,-0.009973017,1.101698,-0.002118384,-0.008810829,0.1000092,0.9949475
2024-11-01T21:28:34.6320204Z,-0.009999557,1.101675,-0.002124559,-0.008880753,0.09900568,0.9950472
2024-11-01T21:28:34.6434878Z,-0.009972245,1.101655,-0.002114873,-0.008623206,0.09770229,0.9951783
2024-11-01T21:28:34.6544807Z,-0.009947415,1.101663,-0.002104497,-0.00840943,0.09734973,0.9952147
2024-11-01T21:28:34.6663770Z,-0.0099246,1.101657,-0.002121333,-0.008073511,0.09709245,0.9952426
2024-11-01T21:28:34.6778670Z,-0.009892559,1.101662,-0.002129212,-0.007967394,0.097005,0.995252
2024-11-01T21:28:34.6885665Z,-0.009839468,1.101821,-0.002038421,-0.007836462,0.09698879,0.9952546
2024-11-01T21:28:34.6996842Z,-0.009820874,1.101838,-0.002043132,-0.007993622,0.09681396,0.9952704
2024-11-01T21:28:34.7109444Z,-0.009812981,1.101853,-0.002034103,-0.007880654,0.09700357,0.9952528
2024-11-01T21:28:34.7224892Z,-0.009818001,1.101871,-0.002043908,-0.007648589,0.09749898,0.9952062
2024-11-01T21:28:34.7339440Z,-0.009831871,1.101875,-0.002066601,-0.007568014,0.09747554,0.9952092
2024-11-01T21:28:34.7459097Z,-0.009864313,1.101851,-0.002071882,-0.007762731,0.09711777,0.9952426
2024-11-01T21:28:34.7562324Z,-0.009880376,1.101833,-0.002068438,-0.007884199,0.09690375,0.9952625
2024-11-01T21:28:34.7672498Z,-0.009894753,1.101803,-0.002080254,-0.007995007,0.0963433,0.995316
2024-11-01T21:28:34.7807537Z,-0.009890208,1.101805,-0.002083063,-0.007464944,0.0947677,0.9954714
2024-11-01T21:28:34.7893002Z,-0.00986501,1.101822,-0.002079869,-0.007463827,0.09527445,0.9954231
2024-11-01T21:28:34.8014111Z,-0.009835534,1.101839,-0.002062984,-0.00701026,0.09523295,0.9954304
2024-11-01T21:28:34.8124583Z,-0.009808489,1.101859,-0.002073603,-0.006656929,0.09516112,0.9954396
2024-11-01T21:28:34.8226120Z,-0.009798148,1.101863,-0.002093924,-0.006383147,0.09520308,0.9954374
2024-11-01T21:28:34.8336217Z,-0.009791447,1.101859,-0.002106922,-0.00602963,0.09495872,0.995463
2024-11-01T21:28:34.8438624Z,-0.009784868,1.10184,-0.002107473,-0.005885132,0.09480298,0.9954786
2024-11-01T21:28:34.8548713Z,-0.009792848,1.101819,-0.002105866,-0.006405802,0.0947697,0.9954786
2024-11-01T21:28:34.8683794Z,-0.009802521,1.10181,-0.002100376,-0.00651513,0.09444483,0.9955088
2024-11-01T21:28:34.8785788Z,-0.009818821,1.101795,-0.002076179,-0.007274948,0.09413949,0.9955325
2024-11-01T21:28:34.8898464Z,-0.009845415,1.101775,-0.002046198,-0.007352003,0.09369388,0.9955739
2024-11-01T21:28:34.9003995Z,-0.009848506,1.101805,-0.002003469,-0.007681466,0.09322605,0.9956154
2024-11-01T21:28:34.9127046Z,-0.009849832,1.101807,-0.001982508,-0.009205159,0.09702301,0.9952396
2024-11-01T21:28:34.9239273Z,-0.009821711,1.101833,-0.002028732,-0.009888647,0.1006744,0.9948703
2024-11-01T21:28:34.9350614Z,-0.009800609,1.101829,-0.002076782,-0.01072039,0.1054026,0.9943718
2024-11-01T21:28:34.9471091Z,-0.009781534,1.101856,-0.002053188,-0.01054899,0.1055428,0.9943588
2024-11-01T21:28:34.9581635Z,-0.009780861,1.101844,-0.002055753,-0.01133139,0.1090484,0.9939718
2024-11-01T21:28:34.9762004Z,-0.009790841,1.101829,-0.002064459,-0.01192731,0.1105646,0.9937974
2024-11-01T21:28:34.9852126Z,-0.009809915,1.101822,-0.002064917,-0.01253184,0.1131431,0.9934997
2024-11-01T21:28:35.0057448Z,-0.009820725,1.101813,-0.0020652,-0.01348685,0.1163991,0.993111
2024-11-01T21:28:35.0142742Z,-0.009855551,1.101816,-0.002033226,-0.01357791,0.116203,0.9931327
2024-11-01T21:28:35.0307845Z,-0.009874235,1.101823,-0.002040653,-0.01440144,0.1204302,0.9926173
2024-11-01T21:28:35.0407980Z,-0.009872798,1.101817,-0.002047354,-0.01506541,0.122852,0.9923106
2024-11-01T21:28:35.0528237Z,-0.009862296,1.101816,-0.002043517,-0.01505002,0.1230161,0.9922906
2024-11-01T21:28:35.0653446Z,-0.009823045,1.101811,-0.002035335,-0.01531413,0.1248124,0.9920622
2024-11-01T21:28:35.0718946Z,-0.009823045,1.101811,-0.002035335,-0.01609758,0.1265697,0.9918271
2024-11-01T21:28:35.0804138Z,-0.009807824,1.101803,-0.00204974,-0.01591641,0.126677,0.9918163
2024-11-01T21:28:35.0879208Z,-0.009809946,1.101804,-0.002049377,-0.01585154,0.127615,0.9916971
2024-11-01T21:28:35.1089637Z,-0.009873881,1.101836,-0.002035396,-0.01637419,0.1294764,0.9914473
2024-11-01T21:28:35.1195358Z,-0.009873881,1.101836,-0.002035396,-0.01681362,0.1304386,0.9913138
2024-11-01T21:28:35.1285438Z,-0.009894306,1.101779,-0.002010826,-0.01733825,0.1308462,0.9912511
2024-11-01T21:28:35.1372575Z,-0.009905165,1.101765,-0.001998909,-0.0177536,0.13151,0.9911559
2024-11-01T21:28:35.1473227Z,-0.009888045,1.101762,-0.001994699,-0.01820684,0.1327185,0.9909865
2024-11-01T21:28:35.1573163Z,-0.009865105,1.101753,-0.001988815,-0.01787481,0.1326483,0.991002
2024-11-01T21:28:35.1698375Z,-0.009850727,1.101744,-0.001989663,-0.0176075,0.1327321,0.9909955
2024-11-01T21:28:35.1804950Z,-0.009753178,1.102006,-0.001866007,-0.01756246,0.1328089,0.990986
2024-11-01T21:28:35.1937644Z,-0.009757211,1.102027,-0.001863195,-0.01748155,0.1331061,0.9909476
2024-11-01T21:28:35.2043847Z,-0.009764355,1.102043,-0.001865741,-0.01759464,0.1339968,0.9908255
2024-11-01T21:28:35.2136942Z,-0.009775568,1.102054,-0.001887994,-0.01780996,0.1351966,0.9906587
2024-11-01T21:28:35.2247853Z,-0.00977682,1.102051,-0.001899671,-0.01767182,0.1359133,0.9905631
2024-11-01T21:28:35.2355727Z,-0.009756822,1.10204,-0.001896352,-0.01797643,0.1368887,0.9904233
2024-11-01T21:28:35.2477377Z,-0.009737613,1.102018,-0.001873234,-0.01913917,0.1450975,0.9892322
2024-11-01T21:28:35.2568980Z,-0.00974805,1.102005,-0.001850812,-0.0189932,0.144779,0.9892817
2024-11-01T21:28:35.2686855Z,-0.009767008,1.101986,-0.001832303,-0.01954597,0.1504049,0.9884312
2024-11-01T21:28:35.2806590Z,-0.009781914,1.101988,-0.001812244,-0.01988107,0.1550296,0.9877098
2024-11-01T21:28:35.2911687Z,-0.00979159,1.102,-0.001813635,-0.01990245,0.1573856,0.9873366
2024-11-01T21:28:35.3039057Z,-0.009797722,1.102009,-0.001837151,-0.02009976,0.1596456,0.9869698
2024-11-01T21:28:35.3127980Z,-0.009793242,1.10202,-0.00185708,-0.01982948,0.1628704,0.9864482
2024-11-01T21:28:35.3252051Z,-0.009777434,1.102038,-0.001882013,-0.01984411,0.1648268,0.9861229
2024-11-01T21:28:35.3358383Z,-0.009749406,1.102053,-0.001900947,-0.01967587,0.1666939,0.9858124
2024-11-01T21:28:35.3455821Z,-0.009723596,1.102051,-0.001922304,-0.02002574,0.1697965,0.9852756
2024-11-01T21:28:35.3554892Z,-0.009697121,1.10203,-0.001963066,-0.02010255,0.1712714,0.9850188
2024-11-01T21:28:35.3674919Z,-0.009679312,1.10201,-0.001963438,-0.01977241,0.1717243,0.9849466
2024-11-01T21:28:35.3776849Z,-0.00966142,1.101986,-0.001951287,-0.01935403,0.1723814,0.9848401
2024-11-01T21:28:35.3891952Z,-0.009668773,1.101989,-0.001935309,-0.01959402,0.1737697,0.9845914
2024-11-01T21:28:35.4021309Z,-0.009707508,1.101994,-0.001899885,-0.01992634,0.1745861,0.9844403
2024-11-01T21:28:35.4116591Z,-0.00974025,1.101996,-0.001880743,-0.02038916,0.1754229,0.984282
2024-11-01T21:28:35.4228913Z,-0.009785005,1.101997,-0.001875015,-0.02105021,0.1769134,0.9840013
2024-11-01T21:28:35.4333775Z,-0.009802298,1.102002,-0.001873797,-0.02156045,0.1776536,0.9838569
2024-11-01T21:28:35.4447856Z,-0.009800387,1.102002,-0.001893487,-0.02152045,0.1783631,0.9837294
2024-11-01T21:28:35.4552915Z,-0.009791031,1.101998,-0.001911689,-0.02136088,0.1787988,0.9836537
2024-11-01T21:28:35.4667980Z,-0.009774027,1.101992,-0.001917887,-0.02114392,0.1796024,0.983512
2024-11-01T21:28:35.4783344Z,-0.009736022,1.102003,-0.00190185,-0.02094494,0.1799237,0.9834576
2024-11-01T21:28:35.4890265Z,-0.009705314,1.102001,-0.00189052,-0.02079923,0.1805288,0.9833497
2024-11-01T21:28:35.5005484Z,-0.009696905,1.102015,-0.001869285,-0.02053541,0.1808263,0.9833006
2024-11-01T21:28:35.5110145Z,-0.009704132,1.102016,-0.001861913,-0.0205605,0.181513,0.9831735
2024-11-01T21:28:35.5220566Z,-0.009736402,1.102016,-0.001871111,-0.02080751,0.1820354,0.9830718
2024-11-01T21:28:35.5329592Z,-0.009773289,1.102024,-0.001858555,-0.02091234,0.182013,0.9830737
2024-11-01T21:28:35.5453319Z,-0.009798697,1.102035,-0.001842909,-0.02107534,0.1822075,0.9830342
2024-11-01T21:28:35.5553447Z,-0.009814801,1.102023,-0.001854248,-0.02126779,0.1823387,0.9830058
2024-11-01T21:28:35.5664186Z,-0.009793319,1.102016,-0.001861483,-0.02118223,0.1827466,0.9829319
2024-11-01T21:28:35.5776277Z,-0.009763097,1.102019,-0.001851037,-0.02094313,0.1825072,0.9829814
2024-11-01T21:28:35.5892084Z,-0.009739841,1.102012,-0.001860045,-0.02059514,0.1823373,0.9830203
2024-11-01T21:28:35.6021157Z,-0.009718565,1.102035,-0.001865907,-0.02017326,0.1822783,0.98304
2024-11-01T21:28:35.6106909Z,-0.009715497,1.102074,-0.001881424,-0.01999012,0.1830468,0.9829009
2024-11-01T21:28:35.6217025Z,-0.009739824,1.102086,-0.001909411,-0.01993669,0.1840465,0.9827153
2024-11-01T21:28:35.6335588Z,-0.00978457,1.102099,-0.001913957,-0.0196715,0.1850124,0.9825393
2024-11-01T21:28:35.6442876Z,-0.009818706,1.102115,-0.001924112,-0.01981744,0.1854211,0.9824593
2024-11-01T21:28:35.6558046Z,-0.009856408,1.102083,-0.00190955,-0.01963042,0.1854932,0.9824495
2024-11-01T21:28:35.6663438Z,-0.009861764,1.102081,-0.002040457,-0.01948953,0.1855275,0.9824458
2024-11-01T21:28:35.6773553Z,-0.009858344,1.102084,-0.002034953,-0.01926393,0.1848074,0.9825859
2024-11-01T21:28:35.6893920Z,-0.009841415,1.102082,-0.002014108,-0.01916505,0.1849535,0.9825604
2024-11-01T21:28:35.7002440Z,-0.009830544,1.102089,-0.001990724,-0.01860593,0.1852962,0.9825066
2024-11-01T21:28:35.7108937Z,-0.009795235,1.102117,-0.00197817,-0.01819617,0.1853611,0.982502
2024-11-01T21:28:35.7220607Z,-0.009773828,1.102117,-0.001989687,-0.01808217,0.1858803,0.982406
2024-11-01T21:28:35.7329350Z,-0.009773348,1.102114,-0.001999417,-0.01797111,0.1864433,0.9823014
2024-11-01T21:28:35.7448106Z,-0.009770222,1.102123,-0.002013003,-0.01785724,0.1866718,0.98226
2024-11-01T21:28:35.7558219Z,-0.009779413,1.102122,-0.002025817,-0.01804533,0.1866845,0.9822541
2024-11-01T21:28:35.7668526Z,-0.00980423,1.102104,-0.002027759,-0.01832817,0.1870617,0.9821772
2024-11-01T21:28:35.7778641Z,-0.009801256,1.102126,-0.002011409,-0.01853843,0.1873326,0.9821216
2024-11-01T21:28:35.7893716Z,-0.009814056,1.102137,-0.001997475,-0.01873532,0.1878256,0.9820237
2024-11-01T21:28:35.7998963Z,-0.009797637,1.102151,-0.002014825,-0.01859206,0.1882264,0.9819497
2024-11-01T21:28:35.8122727Z,-0.009800413,1.102158,-0.002017528,-0.01863522,0.1885902,0.9818791
2024-11-01T21:28:35.8227713Z,-0.009789042,1.102162,-0.002024902,-0.01836025,0.1891937,0.9817681
2024-11-01T21:28:35.8333339Z,-0.009767461,1.102153,-0.002047746,-0.01851256,0.1897581,0.9816563
2024-11-01T21:28:35.8443367Z,-0.009759569,1.102145,-0.002062498,-0.01854809,0.1901608,0.9815778
2024-11-01T21:28:35.8553475Z,-0.009751951,1.102149,-0.002069503,-0.01872493,0.1904969,0.9815092
2024-11-01T21:28:35.8668683Z,-0.009737008,1.102171,-0.002075788,-0.01863866,0.1913223,0.9813503
2024-11-01T21:28:35.8946602Z,-0.009751527,1.102167,-0.002085319,-0.01565685,0.1474224,0.9889497
2024-11-01T21:28:35.9028396Z,-0.009764601,1.102159,-0.002111912,-0.01953357,0.1331388,0.9909049
2024-11-01T21:28:35.9090116Z,-0.009767164,1.102155,-0.002113052,-0.02075796,0.1028225,0.9944831
2024-11-01T21:28:35.9142856Z,-0.009767164,1.102155,-0.002113052,-0.02075796,0.1028225,0.9944831
2024-11-01T21:28:35.9217909Z,-0.009763382,1.102154,-0.002119429,-0.02575249,0.08192554,0.9963057
2024-11-01T21:28:35.9328461Z,-0.009769051,1.102143,-0.002112875,-0.03459278,0.02276298,0.9991422
2024-11-01T21:28:35.9448628Z,-0.009762564,1.102133,-0.002095588,-0.03450437,0.02263859,0.9991481
2024-11-01T21:28:35.9554802Z,-0.009752303,1.102134,-0.002069617,-0.03584427,-0.00294609,0.9993531
2024-11-01T21:28:35.9672588Z,-0.009758346,1.102153,-0.002066569,-0.03561612,-0.01807329,0.9992021
2024-11-01T21:28:35.9772673Z,-0.009763476,1.102168,-0.002069911,-0.04062861,-0.03111233,0.9986898
2024-11-01T21:28:35.9892723Z,-0.009792103,1.102174,-0.002074456,-0.04319629,-0.03600962,0.9984174
2024-11-01T21:28:35.9998036Z,-0.009803825,1.102173,-0.002078461,-0.04465202,-0.04164127,0.9981344
2024-11-01T21:28:36.0113107Z,-0.009829348,1.102165,-0.002076749,-0.04735777,-0.04981127,0.9976352
2024-11-01T21:28:36.0230796Z,-0.009849604,1.102152,-0.002077933,-0.0467277,-0.05512758,0.9973853
